,Rank,Features,Accuracy,Precision,Recall,F1 score,Algorithm,Learning_rate,N_estimators
0,1,a,nan,nan,nan,nan,SAMME,0.2,0
1,2,a,1.000,0.923,0.977,0.948,SAMME,0.2,1500
2,3,a,1.000,0.923,0.977,0.948,SAMME,0.2,1520
3,4,a,1.000,0.923,0.977,0.948,SAMME,0.2,1540
4,5,a,1.000,0.923,0.977,0.948,SAMME,0.2,1560
5,6,a,1.000,0.923,0.977,0.948,SAMME,0.2,1580
6,7,a,1.000,0.923,0.977,0.948,SAMME,0.2,1600
7,8,a,1.000,0.923,0.977,0.948,SAMME,0.2,1620
8,9,a,1.000,0.923,0.977,0.948,SAMME,0.2,1640
9,10,a,1.000,0.923,0.977,0.948,SAMME,0.2,1660
10,11,a,1.000,0.923,0.977,0.948,SAMME,0.2,1680
11,12,a,1.000,0.923,0.977,0.948,SAMME,0.2,1700
12,13,a,1.000,0.923,0.977,0.948,SAMME,0.2,1720
13,14,a,1.000,0.923,0.977,0.948,SAMME,0.2,1740
14,15,a,1.000,0.923,0.977,0.948,SAMME,0.2,1760
15,16,a,1.000,0.923,0.977,0.948,SAMME,0.2,1780
16,17,a,1.000,0.923,0.977,0.948,SAMME,0.2,1800
17,18,a,1.000,0.923,0.977,0.948,SAMME,0.2,1820
18,19,a,1.000,0.923,0.977,0.948,SAMME,0.2,1840
19,20,a,1.000,0.923,0.977,0.948,SAMME,0.2,1860
20,21,a,1.000,0.923,0.977,0.948,SAMME,0.2,1880
21,22,a,1.000,0.923,0.977,0.948,SAMME,0.2,1900
22,23,a,1.000,0.923,0.977,0.948,SAMME,0.2,1920
23,24,a,1.000,0.923,0.977,0.948,SAMME,0.2,1940
24,25,a,1.000,0.923,0.977,0.948,SAMME,0.2,1960
25,26,a,1.000,0.923,0.977,0.948,SAMME,0.2,1980
26,27,a,1.000,0.923,0.970,0.944,SAMME,0.2,1460
27,28,a,1.000,0.923,0.970,0.944,SAMME,0.2,1480
28,29,a,1.000,0.922,0.962,0.940,SAMME,0.2,460
29,30,a,1.000,0.922,0.962,0.940,SAMME,0.2,480
30,31,a,1.000,0.922,0.962,0.940,SAMME,0.2,500
31,32,a,1.000,0.922,0.962,0.940,SAMME,0.2,520
32,33,a,1.000,0.922,0.962,0.940,SAMME,0.2,1300
33,34,a,1.000,0.922,0.962,0.940,SAMME,0.2,1320
34,35,a,1.000,0.922,0.962,0.940,SAMME,0.2,1340
35,36,a,1.000,0.922,0.962,0.940,SAMME,0.2,1360
36,37,a,1.000,0.922,0.962,0.940,SAMME,0.2,1380
37,38,a,1.000,0.922,0.962,0.940,SAMME,0.2,1400
38,39,a,1.000,0.922,0.962,0.940,SAMME,0.2,1420
39,40,a,1.000,0.922,0.962,0.940,SAMME,0.2,1440
40,41,a,1.000,0.916,0.962,0.937,SAMME,0.2,220
41,42,a,1.000,0.916,0.962,0.937,SAMME,0.2,240
42,43,a,1.000,0.916,0.962,0.937,SAMME,0.2,260
43,44,a,1.000,0.916,0.962,0.937,SAMME,0.2,280
44,45,a,1.000,0.916,0.962,0.937,SAMME,0.2,300
45,46,a,1.000,0.916,0.962,0.937,SAMME,0.2,320
46,47,a,1.000,0.916,0.962,0.937,SAMME,0.2,340
47,48,a,1.000,0.916,0.962,0.937,SAMME,0.2,360
48,49,a,1.000,0.916,0.962,0.937,SAMME,0.2,380
49,50,a,1.000,0.916,0.962,0.937,SAMME,0.2,400
50,51,a,1.000,0.916,0.962,0.937,SAMME,0.2,420
51,52,a,1.000,0.916,0.962,0.937,SAMME,0.2,440
52,53,a,1.000,0.922,0.954,0.936,SAMME,0.2,540
53,54,a,1.000,0.922,0.954,0.936,SAMME,0.2,560
54,55,a,1.000,0.922,0.954,0.936,SAMME,0.2,580
55,56,a,1.000,0.922,0.954,0.936,SAMME,0.2,600
56,57,a,1.000,0.922,0.954,0.936,SAMME,0.2,620
57,58,a,1.000,0.922,0.954,0.936,SAMME,0.2,640
58,59,a,1.000,0.922,0.954,0.936,SAMME,0.2,660
59,60,a,1.000,0.922,0.954,0.936,SAMME,0.2,680
60,61,a,1.000,0.922,0.954,0.936,SAMME,0.2,700
61,62,a,1.000,0.922,0.954,0.936,SAMME,0.2,720
62,63,a,1.000,0.922,0.954,0.936,SAMME,0.2,740
63,64,a,1.000,0.922,0.954,0.936,SAMME,0.2,760
64,65,a,1.000,0.922,0.954,0.936,SAMME,0.2,780
65,66,a,1.000,0.922,0.954,0.936,SAMME,0.2,800
66,67,a,1.000,0.922,0.954,0.936,SAMME,0.2,820
67,68,a,1.000,0.922,0.954,0.936,SAMME,0.2,840
68,69,a,1.000,0.922,0.954,0.936,SAMME,0.2,860
69,70,a,1.000,0.922,0.954,0.936,SAMME,0.2,880
70,71,a,1.000,0.922,0.954,0.936,SAMME,0.2,900
71,72,a,1.000,0.922,0.954,0.936,SAMME,0.2,920
72,73,a,1.000,0.922,0.954,0.936,SAMME,0.2,940
73,74,a,1.000,0.922,0.954,0.936,SAMME,0.2,960
74,75,a,1.000,0.922,0.954,0.936,SAMME,0.2,980
75,76,a,1.000,0.922,0.954,0.936,SAMME,0.2,1000
76,77,a,1.000,0.922,0.954,0.936,SAMME,0.2,1020
77,78,a,1.000,0.922,0.954,0.936,SAMME,0.2,1040
78,79,a,1.000,0.922,0.954,0.936,SAMME,0.2,1060
79,80,a,1.000,0.922,0.954,0.936,SAMME,0.2,1080
80,81,a,1.000,0.922,0.954,0.936,SAMME,0.2,1100
81,82,a,1.000,0.922,0.954,0.936,SAMME,0.2,1120
82,83,a,1.000,0.922,0.954,0.936,SAMME,0.2,1140
83,84,a,1.000,0.922,0.954,0.936,SAMME,0.2,1160
84,85,a,1.000,0.922,0.954,0.936,SAMME,0.2,1180
85,86,a,1.000,0.922,0.954,0.936,SAMME,0.2,1200
86,87,a,1.000,0.922,0.954,0.936,SAMME,0.2,1220
87,88,a,1.000,0.922,0.954,0.936,SAMME,0.2,1240
88,89,a,1.000,0.922,0.954,0.936,SAMME,0.2,1260
89,90,a,1.000,0.922,0.954,0.936,SAMME,0.2,1280
90,91,a,1.000,0.897,0.970,0.931,SAMME,0.2,160
91,92,a,1.000,0.897,0.970,0.931,SAMME,0.2,200
92,93,a,1.000,0.897,0.970,0.931,SAMME,0.2,180
93,94,a,1.000,0.891,0.970,0.927,SAMME,0.2,120
94,95,a,1.000,0.891,0.970,0.927,SAMME,0.2,140
95,96,a,0.997,0.000,0.000,0.000,SAMME,0.2,20
96,97,a,0.997,0.000,0.000,0.000,SAMME,0.2,40
97,98,a,0.997,0.000,0.000,0.000,SAMME,0.2,60
98,99,a,0.997,0.000,0.000,0.000,SAMME,0.2,80
99,100,a,0.997,0.000,0.000,0.000,SAMME,0.2,100
100,101,e,nan,nan,nan,nan,SAMME,0.2,0
101,102,e,0.997,0.000,0.000,0.000,SAMME,0.2,20
102,103,e,0.997,0.000,0.000,0.000,SAMME,0.2,40
103,104,e,0.997,0.000,0.000,0.000,SAMME,0.2,60
104,105,e,0.997,0.000,0.000,0.000,SAMME,0.2,80
105,106,e,0.997,0.000,0.000,0.000,SAMME,0.2,100
106,107,e,0.997,0.000,0.000,0.000,SAMME,0.2,120
107,108,e,0.997,0.000,0.000,0.000,SAMME,0.2,140
108,109,e,0.997,0.000,0.000,0.000,SAMME,0.2,160
109,110,e,0.997,0.000,0.000,0.000,SAMME,0.2,180
110,111,e,0.997,0.000,0.000,0.000,SAMME,0.2,200
111,112,e,0.997,0.000,0.000,0.000,SAMME,0.2,220
112,113,e,0.997,0.000,0.000,0.000,SAMME,0.2,240
113,114,e,0.997,0.000,0.000,0.000,SAMME,0.2,260
114,115,e,0.997,0.000,0.000,0.000,SAMME,0.2,280
115,116,e,0.997,0.000,0.000,0.000,SAMME,0.2,300
116,117,e,0.997,0.000,0.000,0.000,SAMME,0.2,320
117,118,e,0.997,0.000,0.000,0.000,SAMME,0.2,340
118,119,e,0.997,0.000,0.000,0.000,SAMME,0.2,360
119,120,e,0.997,0.000,0.000,0.000,SAMME,0.2,380
120,121,e,0.997,0.000,0.000,0.000,SAMME,0.2,400
121,122,e,0.997,0.000,0.000,0.000,SAMME,0.2,420
122,123,e,0.997,0.000,0.000,0.000,SAMME,0.2,440
123,124,e,0.997,0.000,0.000,0.000,SAMME,0.2,460
124,125,e,0.997,0.000,0.000,0.000,SAMME,0.2,480
125,126,e,0.997,0.000,0.000,0.000,SAMME,0.2,500
126,127,e,0.997,0.000,0.000,0.000,SAMME,0.2,520
127,128,e,0.997,0.000,0.000,0.000,SAMME,0.2,540
128,129,e,0.997,0.000,0.000,0.000,SAMME,0.2,560
129,130,e,0.997,0.000,0.000,0.000,SAMME,0.2,580
130,131,e,0.997,0.000,0.000,0.000,SAMME,0.2,600
131,132,e,0.997,0.000,0.000,0.000,SAMME,0.2,620
132,133,e,0.997,0.000,0.000,0.000,SAMME,0.2,640
133,134,e,0.997,0.000,0.000,0.000,SAMME,0.2,660
134,135,e,0.997,0.000,0.000,0.000,SAMME,0.2,680
135,136,e,0.997,0.000,0.000,0.000,SAMME,0.2,700
136,137,e,0.997,0.000,0.000,0.000,SAMME,0.2,720
137,138,e,0.997,0.000,0.000,0.000,SAMME,0.2,740
138,139,e,0.997,0.000,0.000,0.000,SAMME,0.2,760
139,140,e,0.997,0.000,0.000,0.000,SAMME,0.2,780
140,141,e,0.997,0.000,0.000,0.000,SAMME,0.2,800
141,142,e,0.997,0.000,0.000,0.000,SAMME,0.2,820
142,143,e,0.997,0.000,0.000,0.000,SAMME,0.2,840
143,144,e,0.997,0.000,0.000,0.000,SAMME,0.2,860
144,145,e,0.997,0.000,0.000,0.000,SAMME,0.2,880
145,146,e,0.997,0.000,0.000,0.000,SAMME,0.2,900
146,147,e,0.997,0.000,0.000,0.000,SAMME,0.2,920
147,148,e,0.997,0.000,0.000,0.000,SAMME,0.2,940
148,149,e,0.997,0.000,0.000,0.000,SAMME,0.2,960
149,150,e,0.997,0.000,0.000,0.000,SAMME,0.2,980
150,151,e,0.997,0.000,0.000,0.000,SAMME,0.2,1000
151,152,e,0.997,0.000,0.000,0.000,SAMME,0.2,1020
152,153,e,0.997,0.000,0.000,0.000,SAMME,0.2,1040
153,154,e,0.997,0.000,0.000,0.000,SAMME,0.2,1060
154,155,e,0.997,0.000,0.000,0.000,SAMME,0.2,1080
155,156,e,0.997,0.000,0.000,0.000,SAMME,0.2,1100
156,157,e,0.997,0.000,0.000,0.000,SAMME,0.2,1120
157,158,e,0.997,0.000,0.000,0.000,SAMME,0.2,1140
158,159,e,0.997,0.000,0.000,0.000,SAMME,0.2,1160
159,160,e,0.997,0.000,0.000,0.000,SAMME,0.2,1180
160,161,e,0.997,0.000,0.000,0.000,SAMME,0.2,1200
161,162,e,0.997,0.000,0.000,0.000,SAMME,0.2,1220
162,163,e,0.997,0.000,0.000,0.000,SAMME,0.2,1240
163,164,e,0.997,0.000,0.000,0.000,SAMME,0.2,1260
164,165,e,0.997,0.000,0.000,0.000,SAMME,0.2,1280
165,166,e,0.997,0.000,0.000,0.000,SAMME,0.2,1300
166,167,e,0.997,0.000,0.000,0.000,SAMME,0.2,1320
167,168,e,0.997,0.000,0.000,0.000,SAMME,0.2,1340
168,169,e,0.997,0.000,0.000,0.000,SAMME,0.2,1360
169,170,e,0.997,0.000,0.000,0.000,SAMME,0.2,1380
170,171,e,0.997,0.000,0.000,0.000,SAMME,0.2,1400
171,172,e,0.997,0.000,0.000,0.000,SAMME,0.2,1420
172,173,e,0.997,0.000,0.000,0.000,SAMME,0.2,1440
173,174,e,0.997,0.000,0.000,0.000,SAMME,0.2,1460
174,175,e,0.997,0.000,0.000,0.000,SAMME,0.2,1480
175,176,e,0.997,0.000,0.000,0.000,SAMME,0.2,1500
176,177,e,0.997,0.000,0.000,0.000,SAMME,0.2,1520
177,178,e,0.997,0.000,0.000,0.000,SAMME,0.2,1540
178,179,e,0.997,0.000,0.000,0.000,SAMME,0.2,1560
179,180,e,0.997,0.000,0.000,0.000,SAMME,0.2,1580
180,181,e,0.997,0.000,0.000,0.000,SAMME,0.2,1600
181,182,e,0.997,0.000,0.000,0.000,SAMME,0.2,1620
182,183,e,0.997,0.000,0.000,0.000,SAMME,0.2,1640
183,184,e,0.997,0.000,0.000,0.000,SAMME,0.2,1660
184,185,e,0.997,0.000,0.000,0.000,SAMME,0.2,1680
185,186,e,0.997,0.000,0.000,0.000,SAMME,0.2,1700
186,187,e,0.997,0.000,0.000,0.000,SAMME,0.2,1720
187,188,e,0.997,0.000,0.000,0.000,SAMME,0.2,1740
188,189,e,0.997,0.000,0.000,0.000,SAMME,0.2,1760
189,190,e,0.997,0.000,0.000,0.000,SAMME,0.2,1780
190,191,e,0.997,0.000,0.000,0.000,SAMME,0.2,1800
191,192,e,0.997,0.000,0.000,0.000,SAMME,0.2,1820
192,193,e,0.997,0.000,0.000,0.000,SAMME,0.2,1840
193,194,e,0.997,0.000,0.000,0.000,SAMME,0.2,1860
194,195,e,0.997,0.000,0.000,0.000,SAMME,0.2,1880
195,196,e,0.997,0.000,0.000,0.000,SAMME,0.2,1900
196,197,e,0.997,0.000,0.000,0.000,SAMME,0.2,1920
197,198,e,0.997,0.000,0.000,0.000,SAMME,0.2,1940
198,199,e,0.997,0.000,0.000,0.000,SAMME,0.2,1960
199,200,e,0.997,0.000,0.000,0.000,SAMME,0.2,1980
200,201,sinI,nan,nan,nan,nan,SAMME,0.2,0
201,202,sinI,0.997,0.000,0.000,0.000,SAMME,0.2,20
202,203,sinI,0.997,0.000,0.000,0.000,SAMME,0.2,40
203,204,sinI,0.997,0.000,0.000,0.000,SAMME,0.2,60
204,205,sinI,0.997,0.000,0.000,0.000,SAMME,0.2,80
205,206,sinI,0.997,0.000,0.000,0.000,SAMME,0.2,100
206,207,sinI,0.997,0.000,0.000,0.000,SAMME,0.2,120
207,208,sinI,0.997,0.000,0.000,0.000,SAMME,0.2,140
208,209,sinI,0.997,0.000,0.000,0.000,SAMME,0.2,160
209,210,sinI,0.997,0.000,0.000,0.000,SAMME,0.2,180
210,211,sinI,0.997,0.000,0.000,0.000,SAMME,0.2,200
211,212,sinI,0.997,0.000,0.000,0.000,SAMME,0.2,220
212,213,sinI,0.997,0.000,0.000,0.000,SAMME,0.2,240
213,214,sinI,0.997,0.000,0.000,0.000,SAMME,0.2,260
214,215,sinI,0.997,0.000,0.000,0.000,SAMME,0.2,280
215,216,sinI,0.997,0.000,0.000,0.000,SAMME,0.2,300
216,217,sinI,0.997,0.000,0.000,0.000,SAMME,0.2,320
217,218,sinI,0.997,0.000,0.000,0.000,SAMME,0.2,340
218,219,sinI,0.997,0.000,0.000,0.000,SAMME,0.2,360
219,220,sinI,0.997,0.000,0.000,0.000,SAMME,0.2,380
220,221,sinI,0.997,0.000,0.000,0.000,SAMME,0.2,400
221,222,sinI,0.997,0.000,0.000,0.000,SAMME,0.2,420
222,223,sinI,0.997,0.000,0.000,0.000,SAMME,0.2,440
223,224,sinI,0.997,0.000,0.000,0.000,SAMME,0.2,460
224,225,sinI,0.997,0.000,0.000,0.000,SAMME,0.2,480
225,226,sinI,0.997,0.000,0.000,0.000,SAMME,0.2,500
226,227,sinI,0.997,0.000,0.000,0.000,SAMME,0.2,520
227,228,sinI,0.997,0.000,0.000,0.000,SAMME,0.2,540
228,229,sinI,0.997,0.000,0.000,0.000,SAMME,0.2,560
229,230,sinI,0.997,0.000,0.000,0.000,SAMME,0.2,580
230,231,sinI,0.997,0.000,0.000,0.000,SAMME,0.2,600
231,232,sinI,0.997,0.000,0.000,0.000,SAMME,0.2,620
232,233,sinI,0.997,0.000,0.000,0.000,SAMME,0.2,640
233,234,sinI,0.997,0.000,0.000,0.000,SAMME,0.2,660
234,235,sinI,0.997,0.000,0.000,0.000,SAMME,0.2,680
235,236,sinI,0.997,0.000,0.000,0.000,SAMME,0.2,700
236,237,sinI,0.997,0.000,0.000,0.000,SAMME,0.2,720
237,238,sinI,0.997,0.000,0.000,0.000,SAMME,0.2,740
238,239,sinI,0.997,0.000,0.000,0.000,SAMME,0.2,760
239,240,sinI,0.997,0.000,0.000,0.000,SAMME,0.2,780
240,241,sinI,0.997,0.000,0.000,0.000,SAMME,0.2,800
241,242,sinI,0.997,0.000,0.000,0.000,SAMME,0.2,820
242,243,sinI,0.997,0.000,0.000,0.000,SAMME,0.2,840
243,244,sinI,0.997,0.000,0.000,0.000,SAMME,0.2,860
244,245,sinI,0.997,0.000,0.000,0.000,SAMME,0.2,880
245,246,sinI,0.997,0.000,0.000,0.000,SAMME,0.2,900
246,247,sinI,0.997,0.000,0.000,0.000,SAMME,0.2,920
247,248,sinI,0.997,0.000,0.000,0.000,SAMME,0.2,940
248,249,sinI,0.997,0.000,0.000,0.000,SAMME,0.2,960
249,250,sinI,0.997,0.000,0.000,0.000,SAMME,0.2,980
250,251,sinI,0.997,0.000,0.000,0.000,SAMME,0.2,1000
251,252,sinI,0.997,0.000,0.000,0.000,SAMME,0.2,1020
252,253,sinI,0.997,0.000,0.000,0.000,SAMME,0.2,1040
253,254,sinI,0.997,0.000,0.000,0.000,SAMME,0.2,1060
254,255,sinI,0.997,0.000,0.000,0.000,SAMME,0.2,1080
255,256,sinI,0.997,0.000,0.000,0.000,SAMME,0.2,1100
256,257,sinI,0.997,0.000,0.000,0.000,SAMME,0.2,1120
257,258,sinI,0.997,0.000,0.000,0.000,SAMME,0.2,1140
258,259,sinI,0.997,0.000,0.000,0.000,SAMME,0.2,1160
259,260,sinI,0.997,0.000,0.000,0.000,SAMME,0.2,1180
260,261,sinI,0.997,0.000,0.000,0.000,SAMME,0.2,1200
261,262,sinI,0.997,0.000,0.000,0.000,SAMME,0.2,1220
262,263,sinI,0.997,0.000,0.000,0.000,SAMME,0.2,1240
263,264,sinI,0.997,0.000,0.000,0.000,SAMME,0.2,1260
264,265,sinI,0.997,0.000,0.000,0.000,SAMME,0.2,1280
265,266,sinI,0.997,0.000,0.000,0.000,SAMME,0.2,1300
266,267,sinI,0.997,0.000,0.000,0.000,SAMME,0.2,1320
267,268,sinI,0.997,0.000,0.000,0.000,SAMME,0.2,1340
268,269,sinI,0.997,0.000,0.000,0.000,SAMME,0.2,1360
269,270,sinI,0.997,0.000,0.000,0.000,SAMME,0.2,1380
270,271,sinI,0.997,0.000,0.000,0.000,SAMME,0.2,1400
271,272,sinI,0.997,0.000,0.000,0.000,SAMME,0.2,1420
272,273,sinI,0.997,0.000,0.000,0.000,SAMME,0.2,1440
273,274,sinI,0.997,0.000,0.000,0.000,SAMME,0.2,1460
274,275,sinI,0.997,0.000,0.000,0.000,SAMME,0.2,1480
275,276,sinI,0.997,0.000,0.000,0.000,SAMME,0.2,1500
276,277,sinI,0.997,0.000,0.000,0.000,SAMME,0.2,1520
277,278,sinI,0.997,0.000,0.000,0.000,SAMME,0.2,1540
278,279,sinI,0.997,0.000,0.000,0.000,SAMME,0.2,1560
279,280,sinI,0.997,0.000,0.000,0.000,SAMME,0.2,1580
280,281,sinI,0.997,0.000,0.000,0.000,SAMME,0.2,1600
281,282,sinI,0.997,0.000,0.000,0.000,SAMME,0.2,1620
282,283,sinI,0.997,0.000,0.000,0.000,SAMME,0.2,1640
283,284,sinI,0.997,0.000,0.000,0.000,SAMME,0.2,1660
284,285,sinI,0.997,0.000,0.000,0.000,SAMME,0.2,1680
285,286,sinI,0.997,0.000,0.000,0.000,SAMME,0.2,1700
286,287,sinI,0.997,0.000,0.000,0.000,SAMME,0.2,1720
287,288,sinI,0.997,0.000,0.000,0.000,SAMME,0.2,1740
288,289,sinI,0.997,0.000,0.000,0.000,SAMME,0.2,1760
289,290,sinI,0.997,0.000,0.000,0.000,SAMME,0.2,1780
290,291,sinI,0.997,0.000,0.000,0.000,SAMME,0.2,1800
291,292,sinI,0.997,0.000,0.000,0.000,SAMME,0.2,1820
292,293,n,nan,nan,nan,nan,SAMME,0.2,0
293,294,n,1.000,0.915,0.970,0.941,SAMME,0.2,200
294,295,n,1.000,0.915,0.970,0.941,SAMME,0.2,220
295,296,n,1.000,0.915,0.970,0.941,SAMME,0.2,240
296,297,n,1.000,0.915,0.970,0.941,SAMME,0.2,260
297,298,n,1.000,0.915,0.970,0.941,SAMME,0.2,280
298,299,n,1.000,0.915,0.970,0.941,SAMME,0.2,300
299,300,n,1.000,0.915,0.970,0.941,SAMME,0.2,320
300,301,n,1.000,0.915,0.970,0.941,SAMME,0.2,340
301,302,n,1.000,0.915,0.970,0.941,SAMME,0.2,360
302,303,n,1.000,0.915,0.970,0.941,SAMME,0.2,380
303,304,n,1.000,0.915,0.970,0.941,SAMME,0.2,400
304,305,n,1.000,0.915,0.970,0.941,SAMME,0.2,420
305,306,n,1.000,0.915,0.970,0.941,SAMME,0.2,440
306,307,n,1.000,0.915,0.970,0.941,SAMME,0.2,460
307,308,n,1.000,0.915,0.970,0.941,SAMME,0.2,480
308,309,n,1.000,0.915,0.970,0.941,SAMME,0.2,500
309,310,n,1.000,0.915,0.970,0.941,SAMME,0.2,520
310,311,n,1.000,0.901,0.970,0.934,SAMME,0.2,160
311,312,n,1.000,0.901,0.970,0.934,SAMME,0.2,180
312,313,n,1.000,0.913,0.954,0.932,SAMME,0.2,540
313,314,n,1.000,0.913,0.954,0.932,SAMME,0.2,560
314,315,n,1.000,0.913,0.954,0.932,SAMME,0.2,580
315,316,n,1.000,0.913,0.954,0.932,SAMME,0.2,600
316,317,n,1.000,0.913,0.954,0.932,SAMME,0.2,620
317,318,n,1.000,0.913,0.954,0.932,SAMME,0.2,640
318,319,n,1.000,0.913,0.954,0.932,SAMME,0.2,660
319,320,n,1.000,0.913,0.954,0.932,SAMME,0.2,680
320,321,n,1.000,0.913,0.954,0.932,SAMME,0.2,700
321,322,n,1.000,0.913,0.954,0.932,SAMME,0.2,720
322,323,n,1.000,0.913,0.954,0.932,SAMME,0.2,740
323,324,n,1.000,0.913,0.954,0.932,SAMME,0.2,760
324,325,n,1.000,0.913,0.954,0.932,SAMME,0.2,780
325,326,n,1.000,0.913,0.954,0.932,SAMME,0.2,800
326,327,n,1.000,0.913,0.954,0.932,SAMME,0.2,820
327,328,n,1.000,0.913,0.954,0.932,SAMME,0.2,840
328,329,n,1.000,0.913,0.954,0.932,SAMME,0.2,860
329,330,n,1.000,0.913,0.954,0.932,SAMME,0.2,880
330,331,n,1.000,0.913,0.954,0.932,SAMME,0.2,900
331,332,n,1.000,0.913,0.954,0.932,SAMME,0.2,920
332,333,n,1.000,0.913,0.954,0.932,SAMME,0.2,940
333,334,n,1.000,0.913,0.954,0.932,SAMME,0.2,960
334,335,n,1.000,0.906,0.954,0.929,SAMME,0.2,980
335,336,n,1.000,0.906,0.954,0.929,SAMME,0.2,1000
336,337,n,1.000,0.906,0.954,0.929,SAMME,0.2,1020
337,338,n,1.000,0.906,0.954,0.929,SAMME,0.2,1040
338,339,n,1.000,0.906,0.954,0.929,SAMME,0.2,1060
339,340,n,1.000,0.906,0.954,0.929,SAMME,0.2,1080
340,341,n,1.000,0.906,0.954,0.929,SAMME,0.2,1100
341,342,n,1.000,0.906,0.954,0.929,SAMME,0.2,1120
342,343,n,1.000,0.906,0.954,0.929,SAMME,0.2,1140
343,344,n,1.000,0.906,0.954,0.929,SAMME,0.2,1160
344,345,n,1.000,0.906,0.954,0.929,SAMME,0.2,1180
345,346,n,1.000,0.889,0.970,0.927,SAMME,0.2,120
346,347,n,1.000,0.889,0.970,0.927,SAMME,0.2,140
347,348,n,1.000,0.900,0.954,0.926,SAMME,0.2,1200
348,349,n,1.000,0.900,0.954,0.926,SAMME,0.2,1220
349,350,n,1.000,0.900,0.954,0.926,SAMME,0.2,1240
350,351,n,1.000,0.900,0.954,0.926,SAMME,0.2,1260
351,352,n,1.000,0.900,0.954,0.926,SAMME,0.2,1280
352,353,n,1.000,0.900,0.954,0.926,SAMME,0.2,1300
353,354,n,1.000,0.900,0.954,0.926,SAMME,0.2,1320
354,355,n,1.000,0.900,0.954,0.926,SAMME,0.2,1340
355,356,n,1.000,0.900,0.954,0.926,SAMME,0.2,1360
356,357,n,1.000,0.900,0.954,0.926,SAMME,0.2,1380
357,358,n,1.000,0.900,0.954,0.926,SAMME,0.2,1400
358,359,n,1.000,0.900,0.954,0.926,SAMME,0.2,1420
359,360,n,1.000,0.900,0.954,0.926,SAMME,0.2,1440
360,361,n,1.000,0.900,0.954,0.926,SAMME,0.2,1460
361,362,n,1.000,0.900,0.954,0.926,SAMME,0.2,1480
362,363,n,1.000,0.900,0.954,0.926,SAMME,0.2,1500
363,364,n,1.000,0.900,0.954,0.926,SAMME,0.2,1520
364,365,n,1.000,0.900,0.954,0.926,SAMME,0.2,1540
365,366,n,1.000,0.900,0.954,0.926,SAMME,0.2,1560
366,367,n,0.999,0.900,0.947,0.922,SAMME,0.2,1580
367,368,n,0.999,0.900,0.947,0.922,SAMME,0.2,1620
368,369,n,0.999,0.900,0.947,0.922,SAMME,0.2,1640
369,370,n,0.999,0.900,0.947,0.922,SAMME,0.2,1660
370,371,n,0.999,0.900,0.947,0.922,SAMME,0.2,1680
371,372,n,0.999,0.900,0.947,0.922,SAMME,0.2,1700
372,373,n,0.999,0.899,0.932,0.913,SAMME,0.2,1600
373,374,sinI,0.997,0.000,0.000,0.000,SAMME,0.2,1840
374,375,sinI,0.997,0.000,0.000,0.000,SAMME,0.2,1860
375,376,sinI,0.997,0.000,0.000,0.000,SAMME,0.2,1880
376,377,sinI,0.997,0.000,0.000,0.000,SAMME,0.2,1900
377,378,sinI,0.997,0.000,0.000,0.000,SAMME,0.2,1920
378,379,sinI,0.997,0.000,0.000,0.000,SAMME,0.2,1940
379,380,sinI,0.997,0.000,0.000,0.000,SAMME,0.2,1960
380,381,sinI,0.997,0.000,0.000,0.000,SAMME,0.2,1980
381,382,n,0.997,0.000,0.000,0.000,SAMME,0.2,20
382,383,n,0.997,0.000,0.000,0.000,SAMME,0.2,40
383,384,n,0.997,0.000,0.000,0.000,SAMME,0.2,60
384,385,n,0.997,0.000,0.000,0.000,SAMME,0.2,80
385,386,n,0.997,0.000,0.000,0.000,SAMME,0.2,100
386,387,"a, e",nan,nan,nan,nan,SAMME,0.2,0
387,388,"a, e",1.000,0.936,0.977,0.955,SAMME,0.2,440
388,389,"a, e",1.000,0.943,0.970,0.955,SAMME,0.2,520
389,390,"a, e",1.000,0.943,0.970,0.955,SAMME,0.2,580
390,391,"a, e",1.000,0.931,0.978,0.952,SAMME,0.2,300
391,392,"a, e",1.000,0.936,0.970,0.951,SAMME,0.2,400
392,393,"a, e",1.000,0.936,0.970,0.951,SAMME,0.2,420
393,394,"a, e",1.000,0.936,0.970,0.951,SAMME,0.2,460
394,395,"a, e",1.000,0.936,0.970,0.951,SAMME,0.2,480
395,396,"a, e",1.000,0.936,0.970,0.951,SAMME,0.2,500
396,397,"a, e",1.000,0.936,0.970,0.951,SAMME,0.2,540
397,398,"a, e",1.000,0.936,0.970,0.951,SAMME,0.2,560
398,399,"a, e",1.000,0.936,0.970,0.951,SAMME,0.2,600
399,400,"a, e",1.000,0.936,0.970,0.951,SAMME,0.2,620
400,401,"a, e",1.000,0.930,0.970,0.948,SAMME,0.2,320
401,402,"a, e",1.000,0.935,0.962,0.947,SAMME,0.2,640
402,403,"a, e",1.000,0.935,0.962,0.947,SAMME,0.2,660
403,404,"a, e",1.000,0.935,0.962,0.947,SAMME,0.2,680
404,405,"a, e",1.000,0.935,0.962,0.947,SAMME,0.2,700
405,406,"a, e",1.000,0.935,0.962,0.947,SAMME,0.2,720
406,407,"a, e",1.000,0.935,0.962,0.947,SAMME,0.2,740
407,408,"a, e",1.000,0.935,0.962,0.947,SAMME,0.2,760
408,409,"a, e",1.000,0.929,0.962,0.944,SAMME,0.2,340
409,410,"a, e",1.000,0.929,0.962,0.944,SAMME,0.2,360
410,411,"a, e",1.000,0.929,0.962,0.944,SAMME,0.2,380
411,412,"a, e",1.000,0.935,0.954,0.943,SAMME,0.2,780
412,413,"a, e",1.000,0.935,0.954,0.943,SAMME,0.2,860
413,414,"a, e",1.000,0.941,0.947,0.943,SAMME,0.2,880
414,415,"a, e",1.000,0.941,0.947,0.943,SAMME,0.2,1140
415,416,"a, e",1.000,0.941,0.947,0.943,SAMME,0.2,1160
416,417,"a, e",1.000,0.941,0.947,0.943,SAMME,0.2,1280
417,418,"a, e",1.000,0.923,0.962,0.941,SAMME,0.2,240
418,419,"a, e",1.000,0.929,0.955,0.940,SAMME,0.2,260
419,420,"a, e",1.000,0.929,0.955,0.940,SAMME,0.2,280
420,421,"a, e",1.000,0.934,0.947,0.939,SAMME,0.2,800
421,422,"a, e",1.000,0.934,0.947,0.939,SAMME,0.2,820
422,423,"a, e",1.000,0.934,0.947,0.939,SAMME,0.2,840
423,424,"a, e",1.000,0.935,0.947,0.939,SAMME,0.2,1040
424,425,"a, e",1.000,0.935,0.947,0.939,SAMME,0.2,1060
425,426,"a, e",1.000,0.935,0.947,0.939,SAMME,0.2,1080
426,427,"a, e",1.000,0.935,0.947,0.939,SAMME,0.2,1100
427,428,"a, e",1.000,0.935,0.947,0.939,SAMME,0.2,1120
428,429,"a, e",1.000,0.935,0.947,0.939,SAMME,0.2,1180
429,430,"a, e",1.000,0.935,0.947,0.939,SAMME,0.2,1200
430,431,"a, e",1.000,0.935,0.947,0.939,SAMME,0.2,1220
431,432,"a, e",1.000,0.940,0.939,0.939,SAMME,0.2,1260
432,433,"a, e",1.000,0.940,0.939,0.939,SAMME,0.2,1400
433,434,"a, e",1.000,0.916,0.962,0.937,SAMME,0.2,220
434,435,"a, e",1.000,0.928,0.947,0.936,SAMME,0.2,900
435,436,"a, e",1.000,0.928,0.947,0.936,SAMME,0.2,920
436,437,"a, e",1.000,0.928,0.947,0.936,SAMME,0.2,940
437,438,"a, e",1.000,0.928,0.947,0.936,SAMME,0.2,960
438,439,"a, e",1.000,0.928,0.947,0.936,SAMME,0.2,980
439,440,"a, e",1.000,0.928,0.947,0.936,SAMME,0.2,1000
440,441,"a, e",1.000,0.928,0.947,0.936,SAMME,0.2,1020
441,442,"a, e",1.000,0.934,0.939,0.935,SAMME,0.2,1240
442,443,"a, e",1.000,0.934,0.939,0.935,SAMME,0.2,1300
443,444,"a, e",1.000,0.934,0.939,0.935,SAMME,0.2,1320
444,445,"a, e",1.000,0.934,0.939,0.935,SAMME,0.2,1340
445,446,"a, e",1.000,0.934,0.939,0.935,SAMME,0.2,1360
446,447,"a, e",1.000,0.934,0.939,0.935,SAMME,0.2,1380
447,448,"a, e",1.000,0.934,0.939,0.935,SAMME,0.2,1420
448,449,"a, e",1.000,0.934,0.939,0.935,SAMME,0.2,1440
449,450,"a, e",1.000,0.910,0.962,0.934,SAMME,0.2,200
450,451,"a, e",1.000,0.927,0.939,0.932,SAMME,0.2,1460
451,452,"a, e",1.000,0.927,0.939,0.932,SAMME,0.2,1480
452,453,"a, e",1.000,0.927,0.939,0.932,SAMME,0.2,1500
453,454,"a, e",1.000,0.927,0.939,0.932,SAMME,0.2,1520
454,455,"a, e",1.000,0.927,0.939,0.932,SAMME,0.2,1540
455,456,"a, e",1.000,0.927,0.939,0.932,SAMME,0.2,1560
456,457,"a, e",1.000,0.927,0.939,0.932,SAMME,0.2,1580
457,458,"a, e",1.000,0.897,0.970,0.931,SAMME,0.2,160
458,459,"a, e",1.000,0.897,0.970,0.931,SAMME,0.2,180
459,460,"a, e",1.000,0.891,0.970,0.927,SAMME,0.2,120
460,461,"a, e",1.000,0.891,0.970,0.927,SAMME,0.2,140
461,462,n,0.999,0.900,0.947,0.922,SAMME,0.2,1720
462,463,n,0.999,0.900,0.947,0.922,SAMME,0.2,1740
463,464,n,0.999,0.900,0.947,0.922,SAMME,0.2,1760
464,465,n,0.999,0.900,0.947,0.922,SAMME,0.2,1780
465,466,n,0.999,0.900,0.947,0.922,SAMME,0.2,1820
466,467,n,0.999,0.906,0.939,0.921,SAMME,0.2,1940
467,468,n,0.999,0.899,0.939,0.917,SAMME,0.2,1840
468,469,n,0.999,0.899,0.939,0.917,SAMME,0.2,1860
469,470,n,0.999,0.899,0.939,0.917,SAMME,0.2,1880
470,471,n,0.999,0.899,0.939,0.917,SAMME,0.2,1900
471,472,n,0.999,0.899,0.939,0.917,SAMME,0.2,1920
472,473,n,0.999,0.899,0.939,0.917,SAMME,0.2,1960
473,474,n,0.999,0.905,0.932,0.917,SAMME,0.2,1980
474,475,n,0.999,0.899,0.932,0.913,SAMME,0.2,1800
475,476,"a, e",0.997,0.000,0.000,0.000,SAMME,0.2,20
476,477,"a, e",0.997,0.000,0.000,0.000,SAMME,0.2,40
477,478,"a, e",0.997,0.000,0.000,0.000,SAMME,0.2,60
478,479,"a, e",0.997,0.000,0.000,0.000,SAMME,0.2,80
479,480,"a, e",0.997,0.000,0.000,0.000,SAMME,0.2,100
480,481,"a, sinI",nan,nan,nan,nan,SAMME,0.2,0
481,482,"a, sinI",1.000,0.928,0.970,0.948,SAMME,0.2,600
482,483,"a, sinI",1.000,0.928,0.970,0.948,SAMME,0.2,620
483,484,"a, sinI",1.000,0.928,0.970,0.948,SAMME,0.2,640
484,485,"a, sinI",1.000,0.928,0.970,0.948,SAMME,0.2,660
485,486,"a, sinI",1.000,0.928,0.970,0.948,SAMME,0.2,680
486,487,"a, sinI",1.000,0.928,0.970,0.948,SAMME,0.2,700
487,488,"a, sinI",1.000,0.928,0.970,0.948,SAMME,0.2,720
488,489,"a, sinI",1.000,0.928,0.970,0.948,SAMME,0.2,740
489,490,"a, sinI",1.000,0.928,0.970,0.948,SAMME,0.2,760
490,491,"a, sinI",1.000,0.928,0.970,0.948,SAMME,0.2,780
491,492,"a, sinI",1.000,0.928,0.970,0.948,SAMME,0.2,800
492,493,"a, sinI",1.000,0.928,0.970,0.948,SAMME,0.2,820
493,494,"a, sinI",1.000,0.934,0.962,0.947,SAMME,0.2,920
494,495,"a, sinI",1.000,0.934,0.962,0.947,SAMME,0.2,940
495,496,"a, sinI",1.000,0.934,0.962,0.947,SAMME,0.2,960
496,497,"a, sinI",1.000,0.934,0.962,0.947,SAMME,0.2,980
497,498,"a, sinI",1.000,0.934,0.962,0.947,SAMME,0.2,1000
498,499,"a, sinI",1.000,0.934,0.962,0.947,SAMME,0.2,1020
499,500,"a, sinI",1.000,0.934,0.962,0.947,SAMME,0.2,1040
500,501,"a, sinI",1.000,0.934,0.962,0.947,SAMME,0.2,1060
501,502,"a, sinI",1.000,0.934,0.962,0.947,SAMME,0.2,1080
502,503,"a, sinI",1.000,0.934,0.962,0.947,SAMME,0.2,1100
503,504,"a, sinI",1.000,0.934,0.962,0.947,SAMME,0.2,1120
504,505,"a, sinI",1.000,0.934,0.962,0.947,SAMME,0.2,1140
505,506,"a, sinI",1.000,0.934,0.962,0.947,SAMME,0.2,1160
506,507,"a, sinI",1.000,0.934,0.962,0.947,SAMME,0.2,1180
507,508,"a, sinI",1.000,0.934,0.962,0.947,SAMME,0.2,1200
508,509,"a, sinI",1.000,0.927,0.962,0.944,SAMME,0.2,840
509,510,"a, sinI",1.000,0.927,0.962,0.944,SAMME,0.2,860
510,511,"a, sinI",1.000,0.927,0.962,0.944,SAMME,0.2,880
511,512,"a, sinI",1.000,0.927,0.962,0.944,SAMME,0.2,900
512,513,"a, sinI",1.000,0.933,0.954,0.943,SAMME,0.2,1220
513,514,"a, sinI",1.000,0.933,0.954,0.943,SAMME,0.2,1240
514,515,"a, sinI",1.000,0.933,0.954,0.943,SAMME,0.2,1260
515,516,"a, sinI",1.000,0.933,0.954,0.943,SAMME,0.2,1280
516,517,"a, sinI",1.000,0.933,0.954,0.943,SAMME,0.2,1300
517,518,"a, sinI",1.000,0.933,0.954,0.943,SAMME,0.2,1320
518,519,"a, sinI",1.000,0.933,0.954,0.943,SAMME,0.2,1340
519,520,"a, sinI",1.000,0.933,0.954,0.943,SAMME,0.2,1360
520,521,"a, sinI",1.000,0.933,0.954,0.943,SAMME,0.2,1380
521,522,"a, sinI",1.000,0.933,0.954,0.943,SAMME,0.2,1400
522,523,"a, sinI",1.000,0.933,0.954,0.943,SAMME,0.2,1420
523,524,"a, sinI",1.000,0.933,0.954,0.943,SAMME,0.2,1440
524,525,"a, sinI",1.000,0.933,0.954,0.943,SAMME,0.2,1460
525,526,"a, sinI",1.000,0.921,0.962,0.940,SAMME,0.2,560
526,527,"a, sinI",1.000,0.921,0.962,0.940,SAMME,0.2,580
527,528,"a, sinI",1.000,0.916,0.962,0.937,SAMME,0.2,220
528,529,"a, sinI",1.000,0.916,0.962,0.937,SAMME,0.2,240
529,530,"a, sinI",1.000,0.916,0.962,0.937,SAMME,0.2,260
530,531,"a, sinI",1.000,0.916,0.962,0.937,SAMME,0.2,280
531,532,"a, sinI",1.000,0.916,0.962,0.937,SAMME,0.2,300
532,533,"a, sinI",1.000,0.916,0.962,0.937,SAMME,0.2,320
533,534,"a, sinI",1.000,0.916,0.962,0.937,SAMME,0.2,340
534,535,"a, sinI",1.000,0.916,0.962,0.937,SAMME,0.2,360
535,536,"a, sinI",1.000,0.916,0.962,0.937,SAMME,0.2,380
536,537,"a, sinI",1.000,0.916,0.962,0.937,SAMME,0.2,400
537,538,"a, sinI",1.000,0.916,0.962,0.937,SAMME,0.2,420
538,539,"a, sinI",1.000,0.914,0.962,0.937,SAMME,0.2,460
539,540,"a, sinI",1.000,0.914,0.962,0.937,SAMME,0.2,480
540,541,"a, sinI",1.000,0.914,0.962,0.937,SAMME,0.2,500
541,542,"a, sinI",1.000,0.914,0.962,0.937,SAMME,0.2,520
542,543,"a, sinI",1.000,0.914,0.962,0.937,SAMME,0.2,540
543,544,"a, e",1.000,0.934,0.939,0.935,SAMME,0.2,1780
544,545,"a, sinI",1.000,0.908,0.962,0.933,SAMME,0.2,440
545,546,"a, e",1.000,0.927,0.939,0.932,SAMME,0.2,1600
546,547,"a, e",1.000,0.927,0.939,0.932,SAMME,0.2,1620
547,548,"a, e",1.000,0.927,0.939,0.932,SAMME,0.2,1640
548,549,"a, e",1.000,0.927,0.939,0.932,SAMME,0.2,1660
549,550,"a, e",1.000,0.927,0.939,0.932,SAMME,0.2,1680
550,551,"a, e",1.000,0.927,0.939,0.932,SAMME,0.2,1700
551,552,"a, e",1.000,0.927,0.939,0.932,SAMME,0.2,1720
552,553,"a, e",1.000,0.927,0.939,0.932,SAMME,0.2,1740
553,554,"a, e",1.000,0.927,0.939,0.932,SAMME,0.2,1760
554,555,"a, e",1.000,0.927,0.939,0.932,SAMME,0.2,1800
555,556,"a, e",1.000,0.927,0.939,0.932,SAMME,0.2,1820
556,557,"a, e",1.000,0.927,0.939,0.932,SAMME,0.2,1840
557,558,"a, e",1.000,0.927,0.939,0.932,SAMME,0.2,1860
558,559,"a, e",1.000,0.927,0.939,0.932,SAMME,0.2,1880
559,560,"a, e",1.000,0.927,0.939,0.932,SAMME,0.2,1900
560,561,"a, sinI",1.000,0.897,0.970,0.931,SAMME,0.2,160
561,562,"a, sinI",1.000,0.897,0.970,0.931,SAMME,0.2,200
562,563,"a, sinI",1.000,0.897,0.970,0.931,SAMME,0.2,180
563,564,"a, e",1.000,0.919,0.939,0.928,SAMME,0.2,1920
564,565,"a, e",1.000,0.919,0.939,0.928,SAMME,0.2,1940
565,566,"a, e",1.000,0.919,0.939,0.928,SAMME,0.2,1960
566,567,"a, e",1.000,0.919,0.939,0.928,SAMME,0.2,1980
567,568,"a, sinI",1.000,0.891,0.970,0.927,SAMME,0.2,120
568,569,"a, sinI",1.000,0.891,0.970,0.927,SAMME,0.2,140
569,570,"a, sinI",0.997,0.000,0.000,0.000,SAMME,0.2,20
570,571,"a, sinI",0.997,0.000,0.000,0.000,SAMME,0.2,40
571,572,"a, sinI",0.997,0.000,0.000,0.000,SAMME,0.2,60
572,573,"a, sinI",0.997,0.000,0.000,0.000,SAMME,0.2,80
573,574,"a, sinI",0.997,0.000,0.000,0.000,SAMME,0.2,100
574,575,"a, n",nan,nan,nan,nan,SAMME,0.2,0
575,576,"a, n",1.000,0.929,0.977,0.952,SAMME,0.2,180
576,577,"a, n",1.000,0.929,0.977,0.952,SAMME,0.2,200
577,578,"a, n",1.000,0.929,0.977,0.952,SAMME,0.2,220
578,579,"a, n",1.000,0.929,0.977,0.952,SAMME,0.2,240
579,580,"a, n",1.000,0.929,0.977,0.952,SAMME,0.2,260
580,581,"a, n",1.000,0.929,0.977,0.952,SAMME,0.2,300
581,582,"a, n",1.000,0.929,0.977,0.952,SAMME,0.2,340
582,583,"a, sinI",1.000,0.941,0.962,0.951,SAMME,0.2,1640
583,584,"a, sinI",1.000,0.941,0.962,0.951,SAMME,0.2,1660
584,585,"a, sinI",1.000,0.941,0.962,0.951,SAMME,0.2,1680
585,586,"a, sinI",1.000,0.941,0.962,0.951,SAMME,0.2,1700
586,587,"a, sinI",1.000,0.941,0.962,0.951,SAMME,0.2,1720
587,588,"a, sinI",1.000,0.941,0.962,0.951,SAMME,0.2,1740
588,589,"a, sinI",1.000,0.941,0.962,0.951,SAMME,0.2,1760
589,590,"a, sinI",1.000,0.941,0.962,0.951,SAMME,0.2,1780
590,591,"a, sinI",1.000,0.941,0.962,0.951,SAMME,0.2,1800
591,592,"a, sinI",1.000,0.941,0.962,0.951,SAMME,0.2,1820
592,593,"a, sinI",1.000,0.941,0.962,0.951,SAMME,0.2,1840
593,594,"a, sinI",1.000,0.941,0.962,0.951,SAMME,0.2,1860
594,595,"a, sinI",1.000,0.941,0.962,0.951,SAMME,0.2,1880
595,596,"a, sinI",1.000,0.941,0.962,0.951,SAMME,0.2,1900
596,597,"a, sinI",1.000,0.941,0.962,0.951,SAMME,0.2,1920
597,598,"a, sinI",1.000,0.941,0.962,0.951,SAMME,0.2,1940
598,599,"a, sinI",1.000,0.941,0.962,0.951,SAMME,0.2,1960
599,600,"a, sinI",1.000,0.941,0.962,0.951,SAMME,0.2,1980
600,601,"a, sinI",1.000,0.940,0.954,0.947,SAMME,0.2,1620
601,602,"a, n",1.000,0.915,0.977,0.945,SAMME,0.2,160
602,603,"a, n",1.000,0.928,0.962,0.944,SAMME,0.2,280
603,604,"a, n",1.000,0.928,0.962,0.944,SAMME,0.2,320
604,605,"a, n",1.000,0.928,0.962,0.944,SAMME,0.2,360
605,606,"a, n",1.000,0.928,0.962,0.944,SAMME,0.2,380
606,607,"a, n",1.000,0.928,0.962,0.944,SAMME,0.2,400
607,608,"a, n",1.000,0.928,0.962,0.944,SAMME,0.2,420
608,609,"a, n",1.000,0.928,0.962,0.944,SAMME,0.2,440
609,610,"a, n",1.000,0.928,0.962,0.944,SAMME,0.2,460
610,611,"a, n",1.000,0.928,0.962,0.944,SAMME,0.2,480
611,612,"a, n",1.000,0.928,0.962,0.944,SAMME,0.2,500
612,613,"a, n",1.000,0.928,0.962,0.944,SAMME,0.2,520
613,614,"a, n",1.000,0.928,0.962,0.944,SAMME,0.2,540
614,615,"a, n",1.000,0.928,0.962,0.944,SAMME,0.2,560
615,616,"a, n",1.000,0.928,0.962,0.944,SAMME,0.2,580
616,617,"a, n",1.000,0.928,0.962,0.944,SAMME,0.2,600
617,618,"a, n",1.000,0.928,0.962,0.944,SAMME,0.2,620
618,619,"a, n",1.000,0.928,0.962,0.944,SAMME,0.2,640
619,620,"a, n",1.000,0.928,0.962,0.944,SAMME,0.2,660
620,621,"a, n",1.000,0.928,0.962,0.944,SAMME,0.2,680
621,622,"a, n",1.000,0.928,0.962,0.944,SAMME,0.2,700
622,623,"a, n",1.000,0.928,0.962,0.944,SAMME,0.2,720
623,624,"a, n",1.000,0.928,0.962,0.944,SAMME,0.2,740
624,625,"a, n",1.000,0.928,0.962,0.944,SAMME,0.2,760
625,626,"a, n",1.000,0.928,0.962,0.944,SAMME,0.2,780
626,627,"a, n",1.000,0.928,0.962,0.944,SAMME,0.2,800
627,628,"a, n",1.000,0.928,0.962,0.944,SAMME,0.2,820
628,629,"a, n",1.000,0.928,0.962,0.944,SAMME,0.2,840
629,630,"a, n",1.000,0.928,0.962,0.944,SAMME,0.2,860
630,631,"a, sinI",1.000,0.933,0.954,0.943,SAMME,0.2,1480
631,632,"a, sinI",1.000,0.933,0.954,0.943,SAMME,0.2,1500
632,633,"a, sinI",1.000,0.933,0.954,0.943,SAMME,0.2,1520
633,634,"a, sinI",1.000,0.933,0.954,0.943,SAMME,0.2,1540
634,635,"a, sinI",1.000,0.933,0.954,0.943,SAMME,0.2,1560
635,636,"a, sinI",1.000,0.933,0.954,0.943,SAMME,0.2,1580
636,637,"a, sinI",1.000,0.933,0.954,0.943,SAMME,0.2,1600
637,638,"a, n",1.000,0.935,0.955,0.943,SAMME,0.2,1360
638,639,"a, n",1.000,0.935,0.955,0.943,SAMME,0.2,1380
639,640,"a, n",1.000,0.935,0.955,0.943,SAMME,0.2,1400
640,641,"a, n",1.000,0.935,0.955,0.943,SAMME,0.2,1420
641,642,"a, n",1.000,0.935,0.955,0.943,SAMME,0.2,1440
642,643,"a, n",1.000,0.935,0.955,0.943,SAMME,0.2,1460
643,644,"a, n",1.000,0.935,0.955,0.943,SAMME,0.2,1480
644,645,"a, n",1.000,0.935,0.955,0.943,SAMME,0.2,1500
645,646,"a, n",1.000,0.935,0.955,0.943,SAMME,0.2,1520
646,647,"a, n",1.000,0.935,0.955,0.943,SAMME,0.2,1540
647,648,"a, n",1.000,0.935,0.955,0.943,SAMME,0.2,1560
648,649,"a, n",1.000,0.935,0.955,0.943,SAMME,0.2,1580
649,650,"a, n",1.000,0.935,0.955,0.943,SAMME,0.2,1600
650,651,"a, n",1.000,0.935,0.955,0.943,SAMME,0.2,1620
651,652,"a, n",1.000,0.935,0.955,0.943,SAMME,0.2,1640
652,653,"a, n",1.000,0.935,0.955,0.943,SAMME,0.2,1660
653,654,"a, n",1.000,0.935,0.955,0.943,SAMME,0.2,1680
654,655,"a, n",1.000,0.935,0.955,0.943,SAMME,0.2,1700
655,656,"a, n",1.000,0.935,0.955,0.943,SAMME,0.2,1720
656,657,"a, n",1.000,0.935,0.955,0.943,SAMME,0.2,1740
657,658,"a, n",1.000,0.935,0.955,0.943,SAMME,0.2,1760
658,659,"a, n",1.000,0.935,0.955,0.943,SAMME,0.2,1780
659,660,"a, n",1.000,0.935,0.955,0.943,SAMME,0.2,1800
660,661,"a, n",1.000,0.935,0.955,0.943,SAMME,0.2,1820
661,662,"a, n",1.000,0.935,0.955,0.943,SAMME,0.2,1840
662,663,"a, n",1.000,0.935,0.955,0.943,SAMME,0.2,1860
663,664,"a, n",1.000,0.935,0.955,0.943,SAMME,0.2,1880
664,665,"a, n",1.000,0.935,0.955,0.943,SAMME,0.2,1900
665,666,"a, n",1.000,0.935,0.955,0.943,SAMME,0.2,1920
666,667,"a, n",1.000,0.935,0.955,0.943,SAMME,0.2,1940
667,668,"a, n",1.000,0.935,0.955,0.943,SAMME,0.2,1960
668,669,"a, n",1.000,0.935,0.955,0.943,SAMME,0.2,1980
669,670,"a, n",1.000,0.936,0.947,0.939,SAMME,0.2,880
670,671,"a, n",1.000,0.936,0.947,0.939,SAMME,0.2,920
671,672,"a, n",1.000,0.903,0.977,0.938,SAMME,0.2,120
672,673,"a, n",1.000,0.903,0.977,0.938,SAMME,0.2,140
673,674,"a, n",1.000,0.927,0.947,0.935,SAMME,0.2,900
674,675,"a, n",1.000,0.935,0.940,0.935,SAMME,0.2,1060
675,676,"a, n",1.000,0.935,0.940,0.935,SAMME,0.2,1080
676,677,"a, n",1.000,0.935,0.940,0.935,SAMME,0.2,1100
677,678,"a, n",1.000,0.935,0.940,0.935,SAMME,0.2,1120
678,679,"a, n",1.000,0.935,0.940,0.935,SAMME,0.2,1140
679,680,"a, n",1.000,0.935,0.940,0.935,SAMME,0.2,1160
680,681,"a, n",1.000,0.935,0.940,0.935,SAMME,0.2,1180
681,682,"a, n",1.000,0.935,0.940,0.935,SAMME,0.2,1200
682,683,"a, n",1.000,0.935,0.940,0.935,SAMME,0.2,1220
683,684,"a, n",1.000,0.935,0.940,0.935,SAMME,0.2,1240
684,685,"a, n",1.000,0.935,0.940,0.935,SAMME,0.2,1260
685,686,"a, n",1.000,0.935,0.940,0.935,SAMME,0.2,1280
686,687,"a, n",1.000,0.935,0.940,0.935,SAMME,0.2,1300
687,688,"a, n",1.000,0.935,0.940,0.935,SAMME,0.2,1320
688,689,"a, n",1.000,0.935,0.940,0.935,SAMME,0.2,1340
689,690,"a, n",1.000,0.935,0.940,0.935,SAMME,0.2,940
690,691,"a, n",1.000,0.935,0.940,0.935,SAMME,0.2,960
691,692,"a, n",1.000,0.935,0.940,0.935,SAMME,0.2,980
692,693,"a, n",1.000,0.934,0.932,0.931,SAMME,0.2,1000
693,694,"a, n",1.000,0.934,0.932,0.931,SAMME,0.2,1020
694,695,"a, n",1.000,0.934,0.932,0.931,SAMME,0.2,1040
695,696,"a, n",0.997,0.000,0.000,0.000,SAMME,0.2,20
696,697,"a, n",0.997,0.000,0.000,0.000,SAMME,0.2,40
697,698,"a, n",0.997,0.000,0.000,0.000,SAMME,0.2,60
698,699,"a, n",0.997,0.000,0.000,0.000,SAMME,0.2,80
699,700,"a, n",0.997,0.000,0.000,0.000,SAMME,0.2,100
700,701,"e, sinI",nan,nan,nan,nan,SAMME,0.2,0
701,702,"e, sinI",0.997,0.000,0.000,0.000,SAMME,0.2,20
702,703,"e, sinI",0.997,0.000,0.000,0.000,SAMME,0.2,40
703,704,"e, sinI",0.997,0.000,0.000,0.000,SAMME,0.2,60
704,705,"e, sinI",0.997,0.000,0.000,0.000,SAMME,0.2,80
705,706,"e, sinI",0.997,0.000,0.000,0.000,SAMME,0.2,100
706,707,"e, sinI",0.997,0.000,0.000,0.000,SAMME,0.2,120
707,708,"e, sinI",0.997,0.000,0.000,0.000,SAMME,0.2,140
708,709,"e, sinI",0.997,0.000,0.000,0.000,SAMME,0.2,160
709,710,"e, sinI",0.997,0.000,0.000,0.000,SAMME,0.2,180
710,711,"e, sinI",0.997,0.000,0.000,0.000,SAMME,0.2,200
711,712,"e, sinI",0.997,0.000,0.000,0.000,SAMME,0.2,220
712,713,"e, sinI",0.997,0.000,0.000,0.000,SAMME,0.2,240
713,714,"e, sinI",0.997,0.000,0.000,0.000,SAMME,0.2,260
714,715,"e, sinI",0.997,0.000,0.000,0.000,SAMME,0.2,280
715,716,"e, sinI",0.997,0.000,0.000,0.000,SAMME,0.2,300
716,717,"e, sinI",0.997,0.000,0.000,0.000,SAMME,0.2,320
717,718,"e, sinI",0.997,0.000,0.000,0.000,SAMME,0.2,340
718,719,"e, sinI",0.997,0.000,0.000,0.000,SAMME,0.2,360
719,720,"e, sinI",0.997,0.000,0.000,0.000,SAMME,0.2,380
720,721,"e, sinI",0.997,0.000,0.000,0.000,SAMME,0.2,400
721,722,"e, sinI",0.997,0.000,0.000,0.000,SAMME,0.2,420
722,723,"e, sinI",0.997,0.000,0.000,0.000,SAMME,0.2,440
723,724,"e, sinI",0.997,0.000,0.000,0.000,SAMME,0.2,460
724,725,"e, sinI",0.997,0.000,0.000,0.000,SAMME,0.2,480
725,726,"e, sinI",0.997,0.000,0.000,0.000,SAMME,0.2,500
726,727,"e, sinI",0.997,0.000,0.000,0.000,SAMME,0.2,520
727,728,"e, sinI",0.997,0.000,0.000,0.000,SAMME,0.2,540
728,729,"e, sinI",0.997,0.000,0.000,0.000,SAMME,0.2,560
729,730,"e, sinI",0.997,0.000,0.000,0.000,SAMME,0.2,580
730,731,"e, sinI",0.997,0.000,0.000,0.000,SAMME,0.2,600
731,732,"e, sinI",0.997,0.000,0.000,0.000,SAMME,0.2,620
732,733,"e, sinI",0.997,0.000,0.000,0.000,SAMME,0.2,640
733,734,"e, sinI",0.997,0.000,0.000,0.000,SAMME,0.2,660
734,735,"e, sinI",0.997,0.000,0.000,0.000,SAMME,0.2,680
735,736,"e, sinI",0.997,0.000,0.000,0.000,SAMME,0.2,700
736,737,"e, sinI",0.997,0.000,0.000,0.000,SAMME,0.2,720
737,738,"e, sinI",0.997,0.000,0.000,0.000,SAMME,0.2,740
738,739,"e, sinI",0.997,0.000,0.000,0.000,SAMME,0.2,760
739,740,"e, sinI",0.997,0.000,0.000,0.000,SAMME,0.2,780
740,741,"e, sinI",0.997,0.000,0.000,0.000,SAMME,0.2,800
741,742,"e, sinI",0.997,0.000,0.000,0.000,SAMME,0.2,820
742,743,"e, sinI",0.997,0.000,0.000,0.000,SAMME,0.2,840
743,744,"e, sinI",0.997,0.000,0.000,0.000,SAMME,0.2,860
744,745,"e, sinI",0.997,0.000,0.000,0.000,SAMME,0.2,880
745,746,"e, sinI",0.997,0.000,0.000,0.000,SAMME,0.2,900
746,747,"e, sinI",0.997,0.000,0.000,0.000,SAMME,0.2,920
747,748,"e, sinI",0.997,0.000,0.000,0.000,SAMME,0.2,940
748,749,"e, sinI",0.997,0.000,0.000,0.000,SAMME,0.2,960
749,750,"e, sinI",0.997,0.000,0.000,0.000,SAMME,0.2,980
750,751,"e, sinI",0.997,0.000,0.000,0.000,SAMME,0.2,1000
751,752,"e, sinI",0.997,0.000,0.000,0.000,SAMME,0.2,1020
752,753,"e, sinI",0.997,0.000,0.000,0.000,SAMME,0.2,1040
753,754,"e, sinI",0.997,0.000,0.000,0.000,SAMME,0.2,1060
754,755,"e, sinI",0.997,0.000,0.000,0.000,SAMME,0.2,1080
755,756,"e, sinI",0.997,0.000,0.000,0.000,SAMME,0.2,1100
756,757,"e, sinI",0.997,0.000,0.000,0.000,SAMME,0.2,1120
757,758,"e, sinI",0.997,0.000,0.000,0.000,SAMME,0.2,1140
758,759,"e, sinI",0.997,0.000,0.000,0.000,SAMME,0.2,1160
759,760,"e, sinI",0.997,0.000,0.000,0.000,SAMME,0.2,1180
760,761,"e, sinI",0.997,0.000,0.000,0.000,SAMME,0.2,1200
761,762,"e, sinI",0.997,0.000,0.000,0.000,SAMME,0.2,1220
762,763,"e, sinI",0.997,0.000,0.000,0.000,SAMME,0.2,1240
763,764,"e, sinI",0.997,0.000,0.000,0.000,SAMME,0.2,1260
764,765,"e, sinI",0.997,0.000,0.000,0.000,SAMME,0.2,1280
765,766,"e, sinI",0.997,0.000,0.000,0.000,SAMME,0.2,1300
766,767,"e, sinI",0.997,0.000,0.000,0.000,SAMME,0.2,1320
767,768,"e, sinI",0.997,0.000,0.000,0.000,SAMME,0.2,1340
768,769,"e, sinI",0.997,0.000,0.000,0.000,SAMME,0.2,1360
769,770,"e, sinI",0.997,0.000,0.000,0.000,SAMME,0.2,1380
770,771,"e, sinI",0.997,0.000,0.000,0.000,SAMME,0.2,1400
771,772,"e, sinI",0.997,0.000,0.000,0.000,SAMME,0.2,1420
772,773,"e, sinI",0.997,0.000,0.000,0.000,SAMME,0.2,1440
773,774,"e, sinI",0.997,0.000,0.000,0.000,SAMME,0.2,1460
774,775,"e, sinI",0.997,0.000,0.000,0.000,SAMME,0.2,1480
775,776,"e, n",nan,nan,nan,nan,SAMME,0.2,0
776,777,"a, e, sinI",1.000,0.949,0.977,0.962,SAMME,0.2,540
777,778,"a, e, sinI",1.000,0.949,0.977,0.962,SAMME,0.2,560
778,779,"a, e, sinI",1.000,0.949,0.977,0.962,SAMME,0.2,580
779,780,"a, e, sinI",1.000,0.949,0.977,0.962,SAMME,0.2,600
780,781,"a, e, sinI",1.000,0.949,0.977,0.962,SAMME,0.2,620
781,782,"a, e, sinI",1.000,0.956,0.970,0.962,SAMME,0.2,680
782,783,"a, e, sinI",1.000,0.956,0.970,0.962,SAMME,0.2,700
783,784,"a, e, sinI",1.000,0.956,0.970,0.962,SAMME,0.2,720
784,785,"a, e, sinI",1.000,0.956,0.970,0.962,SAMME,0.2,740
785,786,"a, e, sinI",1.000,0.949,0.970,0.958,SAMME,0.2,520
786,787,"a, e, sinI",1.000,0.949,0.970,0.958,SAMME,0.2,640
787,788,"a, e, sinI",1.000,0.949,0.970,0.958,SAMME,0.2,660
788,789,"a, e, sinI",1.000,0.955,0.962,0.958,SAMME,0.2,760
789,790,"a, e, sinI",1.000,0.955,0.962,0.958,SAMME,0.2,780
790,791,"a, e, sinI",1.000,0.942,0.970,0.955,SAMME,0.2,440
791,792,"a, e, sinI",1.000,0.942,0.970,0.955,SAMME,0.2,460
792,793,"a, e, sinI",1.000,0.942,0.970,0.955,SAMME,0.2,480
793,794,"a, e, sinI",1.000,0.942,0.970,0.955,SAMME,0.2,500
794,795,"a, e, sinI",1.000,0.948,0.962,0.954,SAMME,0.2,800
795,796,"a, e, sinI",1.000,0.948,0.962,0.954,SAMME,0.2,820
796,797,"a, e, sinI",1.000,0.948,0.962,0.954,SAMME,0.2,860
797,798,"a, e, n",1.000,0.929,0.977,0.952,SAMME,0.2,180
798,799,"a, e, n",1.000,0.929,0.977,0.952,SAMME,0.2,200
799,800,"a, e, n",1.000,0.929,0.977,0.952,SAMME,0.2,220
800,801,"a, e, n",1.000,0.929,0.977,0.952,SAMME,0.2,240
801,802,"a, e, n",1.000,0.929,0.977,0.952,SAMME,0.2,260
802,803,"a, e, sinI",1.000,0.931,0.978,0.952,SAMME,0.2,300
803,804,"a, e, sinI",1.000,0.936,0.970,0.951,SAMME,0.2,400
804,805,"a, e, sinI",1.000,0.936,0.970,0.951,SAMME,0.2,420
805,806,"a, e, n",1.000,0.936,0.970,0.951,SAMME,0.2,280
806,807,"a, e, n",1.000,0.936,0.970,0.951,SAMME,0.2,300
807,808,"a, e, n",1.000,0.943,0.963,0.951,SAMME,0.2,440
808,809,"a, e, n",1.000,0.943,0.963,0.951,SAMME,0.2,500
809,810,"a, e, n",1.000,0.943,0.963,0.951,SAMME,0.2,520
810,811,"a, e, n",1.000,0.943,0.963,0.951,SAMME,0.2,540
811,812,"a, e, n",1.000,0.943,0.963,0.951,SAMME,0.2,560
812,813,"a, e, n",1.000,0.943,0.963,0.951,SAMME,0.2,580
813,814,"a, e, n",1.000,0.943,0.963,0.951,SAMME,0.2,600
814,815,"a, e, sinI",1.000,0.947,0.954,0.951,SAMME,0.2,840
815,816,"a, e, sinI",1.000,0.947,0.954,0.950,SAMME,0.2,960
816,817,"a, e, sinI",1.000,0.930,0.970,0.948,SAMME,0.2,320
817,818,"a, e, n",1.000,0.936,0.963,0.947,SAMME,0.2,320
818,819,"a, e, n",1.000,0.936,0.963,0.947,SAMME,0.2,380
819,820,"a, e, n",1.000,0.936,0.963,0.947,SAMME,0.2,400
820,821,"a, e, n",1.000,0.936,0.963,0.947,SAMME,0.2,420
821,822,"a, e, n",1.000,0.936,0.963,0.947,SAMME,0.2,460
822,823,"a, e, n",1.000,0.936,0.963,0.947,SAMME,0.2,480
823,824,"a, e, n",1.000,0.942,0.955,0.947,SAMME,0.2,620
824,825,"a, e, n",1.000,0.942,0.955,0.947,SAMME,0.2,640
825,826,"a, e, n",1.000,0.942,0.955,0.947,SAMME,0.2,660
826,827,"a, e, n",1.000,0.942,0.955,0.947,SAMME,0.2,680
827,828,"a, e, sinI",1.000,0.946,0.947,0.946,SAMME,0.2,880
828,829,"a, e, sinI",1.000,0.946,0.947,0.946,SAMME,0.2,900
829,830,"a, e, sinI",1.000,0.946,0.947,0.946,SAMME,0.2,920
830,831,"a, e, sinI",1.000,0.946,0.947,0.946,SAMME,0.2,940
831,832,"a, e, sinI",1.000,0.946,0.947,0.946,SAMME,0.2,980
832,833,"a, e, sinI",1.000,0.946,0.947,0.946,SAMME,0.2,1000
833,834,"a, e, sinI",1.000,0.946,0.947,0.946,SAMME,0.2,1020
834,835,"a, e, sinI",1.000,0.946,0.947,0.946,SAMME,0.2,1040
835,836,"a, e, sinI",1.000,0.946,0.947,0.946,SAMME,0.2,1060
836,837,"a, e, sinI",1.000,0.946,0.947,0.946,SAMME,0.2,1080
837,838,"a, e, n",1.000,0.915,0.977,0.945,SAMME,0.2,160
838,839,"e, n",1.000,0.915,0.977,0.945,SAMME,0.2,200
839,840,"e, n",1.000,0.915,0.977,0.945,SAMME,0.2,240
840,841,"e, n",1.000,0.915,0.977,0.945,SAMME,0.2,260
841,842,"e, n",1.000,0.923,0.970,0.944,SAMME,0.2,280
842,843,"a, e, sinI",1.000,0.929,0.962,0.944,SAMME,0.2,340
843,844,"a, e, sinI",1.000,0.929,0.962,0.944,SAMME,0.2,360
844,845,"a, e, sinI",1.000,0.929,0.962,0.944,SAMME,0.2,380
845,846,"a, e, n",1.000,0.936,0.955,0.943,SAMME,0.2,340
846,847,"a, e, n",1.000,0.936,0.955,0.943,SAMME,0.2,360
847,848,"a, e, sinI",1.000,0.939,0.946,0.943,SAMME,0.2,1540
848,849,"a, e, sinI",1.000,0.939,0.946,0.943,SAMME,0.2,1580
849,850,"a, e, sinI",1.000,0.939,0.946,0.943,SAMME,0.2,1600
850,851,"a, e, sinI",1.000,0.939,0.946,0.943,SAMME,0.2,1620
851,852,"a, e, sinI",1.000,0.939,0.946,0.943,SAMME,0.2,1640
852,853,"a, e, sinI",1.000,0.939,0.946,0.943,SAMME,0.2,1660
853,854,"a, e, sinI",1.000,0.939,0.946,0.943,SAMME,0.2,1680
854,855,"a, e, sinI",1.000,0.939,0.946,0.943,SAMME,0.2,1700
855,856,"a, e, sinI",1.000,0.939,0.946,0.943,SAMME,0.2,1720
856,857,"a, e, sinI",1.000,0.939,0.946,0.943,SAMME,0.2,1740
857,858,"a, e, sinI",1.000,0.939,0.946,0.943,SAMME,0.2,1760
858,859,"a, e, sinI",1.000,0.939,0.946,0.943,SAMME,0.2,1780
859,860,"a, e, sinI",1.000,0.946,0.939,0.942,SAMME,0.2,1100
860,861,"a, e, sinI",1.000,0.946,0.939,0.942,SAMME,0.2,1120
861,862,"a, e, n",1.000,0.942,0.948,0.942,SAMME,0.2,700
862,863,"a, e, n",1.000,0.942,0.948,0.942,SAMME,0.2,720
863,864,"a, e, n",1.000,0.942,0.948,0.942,SAMME,0.2,740
864,865,"a, e, n",1.000,0.942,0.948,0.942,SAMME,0.2,760
865,866,"a, e, n",1.000,0.942,0.948,0.942,SAMME,0.2,780
866,867,"a, e, n",1.000,0.942,0.948,0.942,SAMME,0.2,800
867,868,"a, e, n",1.000,0.942,0.948,0.942,SAMME,0.2,820
868,869,"a, e, n",1.000,0.942,0.948,0.942,SAMME,0.2,860
869,870,"a, e, n",1.000,0.948,0.940,0.942,SAMME,0.2,1320
870,871,"a, e, n",1.000,0.948,0.940,0.942,SAMME,0.2,1360
871,872,"a, e, n",1.000,0.948,0.940,0.942,SAMME,0.2,1380
872,873,"a, e, n",1.000,0.948,0.940,0.942,SAMME,0.2,1400
873,874,"a, e, n",1.000,0.948,0.940,0.942,SAMME,0.2,1420
874,875,"a, e, n",1.000,0.948,0.940,0.942,SAMME,0.2,1440
875,876,"a, e, n",1.000,0.948,0.940,0.942,SAMME,0.2,1460
876,877,"a, e, n",1.000,0.948,0.940,0.942,SAMME,0.2,1480
877,878,"a, e, n",1.000,0.948,0.940,0.942,SAMME,0.2,1500
878,879,"a, e, n",1.000,0.948,0.940,0.942,SAMME,0.2,1520
879,880,"a, e, n",1.000,0.948,0.940,0.942,SAMME,0.2,1540
880,881,"a, e, n",1.000,0.948,0.940,0.942,SAMME,0.2,1560
881,882,"a, e, n",1.000,0.948,0.940,0.942,SAMME,0.2,1580
882,883,"a, e, n",1.000,0.948,0.940,0.942,SAMME,0.2,1600
883,884,"a, e, n",1.000,0.948,0.940,0.942,SAMME,0.2,1620
884,885,"a, e, n",1.000,0.948,0.940,0.942,SAMME,0.2,1640
885,886,"a, e, n",1.000,0.948,0.940,0.942,SAMME,0.2,1660
886,887,"a, e, n",1.000,0.948,0.940,0.942,SAMME,0.2,1680
887,888,"a, e, n",1.000,0.948,0.940,0.942,SAMME,0.2,1700
888,889,"a, e, n",1.000,0.948,0.940,0.942,SAMME,0.2,1720
889,890,"a, e, n",1.000,0.948,0.940,0.942,SAMME,0.2,1740
890,891,"a, e, n",1.000,0.948,0.940,0.942,SAMME,0.2,1760
891,892,"a, e, n",1.000,0.948,0.940,0.942,SAMME,0.2,1780
892,893,"a, e, n",1.000,0.948,0.940,0.942,SAMME,0.2,1800
893,894,"a, e, n",1.000,0.948,0.940,0.942,SAMME,0.2,1820
894,895,"a, e, n",1.000,0.948,0.940,0.942,SAMME,0.2,1840
895,896,"a, e, n",1.000,0.948,0.940,0.942,SAMME,0.2,1860
896,897,"a, e, n",1.000,0.948,0.940,0.942,SAMME,0.2,1880
897,898,"a, e, n",1.000,0.948,0.940,0.942,SAMME,0.2,1900
898,899,"a, e, n",1.000,0.948,0.940,0.942,SAMME,0.2,1920
899,900,"a, e, n",1.000,0.948,0.940,0.942,SAMME,0.2,1940
900,901,"e, n",1.000,0.917,0.970,0.941,SAMME,0.2,300
901,902,"e, n",1.000,0.915,0.970,0.941,SAMME,0.2,220
902,903,"sinI, n",1.000,0.915,0.970,0.941,SAMME,0.2,320
903,904,"sinI, n",1.000,0.915,0.970,0.941,SAMME,0.2,340
904,905,"sinI, n",1.000,0.915,0.970,0.941,SAMME,0.2,360
905,906,"a, e, sinI",1.000,0.923,0.962,0.941,SAMME,0.2,240
906,907,"a, e, sinI",1.000,0.929,0.955,0.940,SAMME,0.2,260
907,908,"a, e, sinI",1.000,0.929,0.955,0.940,SAMME,0.2,280
908,909,"a, e, sinI",1.000,0.932,0.946,0.939,SAMME,0.2,1280
909,910,"a, e, sinI",1.000,0.932,0.946,0.939,SAMME,0.2,1300
910,911,"a, e, sinI",1.000,0.932,0.946,0.939,SAMME,0.2,1320
911,912,"a, e, sinI",1.000,0.932,0.946,0.939,SAMME,0.2,1340
912,913,"a, e, sinI",1.000,0.932,0.946,0.939,SAMME,0.2,1360
913,914,"a, e, sinI",1.000,0.932,0.946,0.939,SAMME,0.2,1380
914,915,"a, e, sinI",1.000,0.932,0.946,0.939,SAMME,0.2,1400
915,916,"a, e, sinI",1.000,0.932,0.946,0.939,SAMME,0.2,1420
916,917,"a, e, sinI",1.000,0.932,0.946,0.939,SAMME,0.2,1440
917,918,"a, e, sinI",1.000,0.932,0.946,0.939,SAMME,0.2,1460
918,919,"a, e, sinI",1.000,0.932,0.946,0.939,SAMME,0.2,1480
919,920,"a, e, sinI",1.000,0.932,0.946,0.939,SAMME,0.2,1500
920,921,"a, e, sinI",1.000,0.932,0.946,0.939,SAMME,0.2,1520
921,922,"a, e, sinI",1.000,0.932,0.946,0.939,SAMME,0.2,1560
922,923,"e, n",1.000,0.935,0.947,0.939,SAMME,0.2,1040
923,924,"e, n",1.000,0.935,0.947,0.939,SAMME,0.2,1100
924,925,"a, e, sinI",1.000,0.939,0.939,0.939,SAMME,0.2,1140
925,926,"a, e, sinI",1.000,0.939,0.939,0.939,SAMME,0.2,1160
926,927,"a, e, sinI",1.000,0.939,0.939,0.939,SAMME,0.2,1180
927,928,"a, e, sinI",1.000,0.939,0.939,0.939,SAMME,0.2,1200
928,929,"a, e, sinI",1.000,0.939,0.939,0.939,SAMME,0.2,1220
929,930,"a, e, sinI",1.000,0.939,0.939,0.939,SAMME,0.2,1240
930,931,"a, e, sinI",1.000,0.939,0.939,0.939,SAMME,0.2,1260
931,932,"sinI, n",1.000,0.939,0.939,0.939,SAMME,0.2,1720
932,933,"sinI, n",1.000,0.939,0.939,0.939,SAMME,0.2,1740
933,934,"sinI, n",1.000,0.939,0.939,0.939,SAMME,0.2,1760
934,935,"sinI, n",1.000,0.939,0.939,0.939,SAMME,0.2,1780
935,936,"sinI, n",1.000,0.939,0.939,0.939,SAMME,0.2,1800
936,937,"sinI, n",1.000,0.939,0.939,0.939,SAMME,0.2,1820
937,938,"sinI, n",1.000,0.939,0.939,0.939,SAMME,0.2,1840
938,939,"sinI, n",1.000,0.939,0.939,0.939,SAMME,0.2,1860
939,940,"sinI, n",1.000,0.939,0.939,0.939,SAMME,0.2,1880
940,941,"sinI, n",1.000,0.939,0.939,0.939,SAMME,0.2,1900
941,942,"sinI, n",1.000,0.939,0.939,0.939,SAMME,0.2,1920
942,943,"sinI, n",1.000,0.939,0.939,0.939,SAMME,0.2,1940
943,944,"sinI, n",1.000,0.939,0.939,0.939,SAMME,0.2,1960
944,945,"sinI, n",1.000,0.939,0.939,0.939,SAMME,0.2,1980
945,946,"a, e, sinI",1.000,0.938,0.939,0.938,SAMME,0.2,1800
946,947,"a, e, sinI",1.000,0.938,0.939,0.938,SAMME,0.2,1820
947,948,"a, e, sinI",1.000,0.938,0.939,0.938,SAMME,0.2,1840
948,949,"a, e, sinI",1.000,0.938,0.939,0.938,SAMME,0.2,1860
949,950,"a, e, sinI",1.000,0.938,0.939,0.938,SAMME,0.2,1880
950,951,"a, e, sinI",1.000,0.938,0.939,0.938,SAMME,0.2,1900
951,952,"a, e, sinI",1.000,0.938,0.939,0.938,SAMME,0.2,1920
952,953,"a, e, sinI",1.000,0.938,0.939,0.938,SAMME,0.2,1940
953,954,"a, e, sinI",1.000,0.938,0.939,0.938,SAMME,0.2,1960
954,955,"a, e, sinI",1.000,0.938,0.939,0.938,SAMME,0.2,1980
955,956,"a, e, n",1.000,0.903,0.977,0.938,SAMME,0.2,120
956,957,"a, e, n",1.000,0.903,0.977,0.938,SAMME,0.2,140
957,958,"a, e, n",1.000,0.942,0.940,0.938,SAMME,0.2,840
958,959,"a, e, n",1.000,0.942,0.940,0.938,SAMME,0.2,880
959,960,"a, e, n",1.000,0.942,0.940,0.938,SAMME,0.2,900
960,961,"a, e, n",1.000,0.942,0.940,0.938,SAMME,0.2,920
961,962,"a, e, n",1.000,0.942,0.940,0.938,SAMME,0.2,940
962,963,"a, e, n",1.000,0.942,0.940,0.938,SAMME,0.2,960
963,964,"a, e, n",1.000,0.942,0.940,0.938,SAMME,0.2,980
964,965,"a, e, n",1.000,0.942,0.940,0.938,SAMME,0.2,1000
965,966,"a, e, n",1.000,0.942,0.940,0.938,SAMME,0.2,1020
966,967,"a, e, n",1.000,0.942,0.940,0.938,SAMME,0.2,1040
967,968,"a, e, n",1.000,0.942,0.940,0.938,SAMME,0.2,1060
968,969,"a, e, n",1.000,0.942,0.940,0.938,SAMME,0.2,1080
969,970,"a, e, n",1.000,0.942,0.940,0.938,SAMME,0.2,1100
970,971,"a, e, n",1.000,0.942,0.940,0.938,SAMME,0.2,1120
971,972,"a, e, n",1.000,0.942,0.940,0.938,SAMME,0.2,1140
972,973,"a, e, n",1.000,0.942,0.940,0.938,SAMME,0.2,1160
973,974,"a, e, n",1.000,0.942,0.940,0.938,SAMME,0.2,1180
974,975,"a, e, n",1.000,0.942,0.940,0.938,SAMME,0.2,1200
975,976,"a, e, n",1.000,0.942,0.940,0.938,SAMME,0.2,1220
976,977,"a, e, n",1.000,0.942,0.940,0.938,SAMME,0.2,1240
977,978,"a, e, n",1.000,0.942,0.940,0.938,SAMME,0.2,1260
978,979,"a, e, n",1.000,0.942,0.940,0.938,SAMME,0.2,1280
979,980,"a, e, n",1.000,0.942,0.940,0.938,SAMME,0.2,1300
980,981,"a, e, n",1.000,0.942,0.940,0.938,SAMME,0.2,1340
981,982,"a, e, n",0.997,0.000,0.000,0.000,SAMME,0.2,80
982,983,"a, e, n",0.997,0.000,0.000,0.000,SAMME,0.2,100
983,984,"a, sinI, n",nan,nan,nan,nan,SAMME,0.2,0
984,985,"a, sinI, n",1.000,0.929,0.977,0.952,SAMME,0.2,180
985,986,"a, sinI, n",1.000,0.929,0.977,0.952,SAMME,0.2,200
986,987,"a, sinI, n",1.000,0.929,0.977,0.952,SAMME,0.2,220
987,988,"a, sinI, n",1.000,0.929,0.977,0.952,SAMME,0.2,240
988,989,"a, sinI, n",1.000,0.929,0.977,0.952,SAMME,0.2,260
989,990,"a, sinI, n",1.000,0.929,0.977,0.952,SAMME,0.2,300
990,991,"a, sinI, n",1.000,0.929,0.977,0.952,SAMME,0.2,340
991,992,"a, sinI, n",1.000,0.928,0.970,0.948,SAMME,0.2,640
992,993,"a, sinI, n",1.000,0.928,0.970,0.948,SAMME,0.2,380
993,994,"a, sinI, n",1.000,0.928,0.970,0.948,SAMME,0.2,400
994,995,"a, sinI, n",1.000,0.928,0.970,0.948,SAMME,0.2,440
995,996,"a, sinI, n",1.000,0.928,0.970,0.948,SAMME,0.2,460
996,997,"a, sinI, n",1.000,0.915,0.977,0.945,SAMME,0.2,160
997,998,"a, sinI, n",1.000,0.921,0.970,0.944,SAMME,0.2,480
998,999,"a, sinI, n",1.000,0.921,0.970,0.944,SAMME,0.2,500
999,1000,"a, sinI, n",1.000,0.921,0.970,0.944,SAMME,0.2,540
1000,1001,"a, sinI, n",1.000,0.921,0.970,0.944,SAMME,0.2,560
1001,1002,"a, sinI, n",1.000,0.921,0.970,0.944,SAMME,0.2,600
1002,1003,"a, sinI, n",1.000,0.921,0.970,0.944,SAMME,0.2,620
1003,1004,"a, sinI, n",1.000,0.927,0.962,0.944,SAMME,0.2,660
1004,1005,"a, sinI, n",1.000,0.928,0.962,0.944,SAMME,0.2,280
1005,1006,"a, sinI, n",1.000,0.928,0.962,0.944,SAMME,0.2,320
1006,1007,"a, sinI, n",1.000,0.928,0.962,0.944,SAMME,0.2,360
1007,1008,"a, sinI, n",1.000,0.928,0.962,0.944,SAMME,0.2,420
1008,1009,"a, e, n",1.000,0.948,0.940,0.942,SAMME,0.2,1960
1009,1010,"a, e, n",1.000,0.948,0.940,0.942,SAMME,0.2,1980
1010,1011,"a, sinI, n",1.000,0.921,0.962,0.940,SAMME,0.2,520
1011,1012,"a, sinI, n",1.000,0.921,0.962,0.940,SAMME,0.2,580
1012,1013,"a, sinI, n",1.000,0.903,0.977,0.938,SAMME,0.2,120
1013,1014,"a, sinI, n",1.000,0.903,0.977,0.938,SAMME,0.2,140
1014,1015,"a, sinI, n",1.000,0.914,0.962,0.937,SAMME,0.2,900
1015,1016,"a, sinI, n",1.000,0.914,0.962,0.937,SAMME,0.2,920
1016,1017,"a, sinI, n",1.000,0.914,0.962,0.937,SAMME,0.2,940
1017,1018,"a, sinI, n",1.000,0.914,0.962,0.937,SAMME,0.2,960
1018,1019,"a, sinI, n",1.000,0.914,0.962,0.937,SAMME,0.2,980
1019,1020,"a, sinI, n",1.000,0.914,0.962,0.937,SAMME,0.2,1000
1020,1021,"a, sinI, n",1.000,0.914,0.962,0.937,SAMME,0.2,1040
1021,1022,"a, sinI, n",1.000,0.914,0.962,0.937,SAMME,0.2,1060
1022,1023,"a, sinI, n",1.000,0.920,0.954,0.937,SAMME,0.2,1280
1023,1024,"a, sinI, n",1.000,0.920,0.954,0.937,SAMME,0.2,1340
1024,1025,"a, sinI, n",1.000,0.920,0.954,0.937,SAMME,0.2,1360
1025,1026,"a, sinI, n",1.000,0.920,0.954,0.937,SAMME,0.2,1380
1026,1027,"a, sinI, n",1.000,0.920,0.954,0.937,SAMME,0.2,680
1027,1028,"a, sinI, n",1.000,0.914,0.954,0.933,SAMME,0.2,700
1028,1029,"a, sinI, n",1.000,0.914,0.954,0.933,SAMME,0.2,720
1029,1030,"a, sinI, n",1.000,0.914,0.954,0.933,SAMME,0.2,740
1030,1031,"a, sinI, n",1.000,0.914,0.954,0.933,SAMME,0.2,760
1031,1032,"a, sinI, n",1.000,0.914,0.954,0.933,SAMME,0.2,780
1032,1033,"a, sinI, n",1.000,0.914,0.954,0.933,SAMME,0.2,800
1033,1034,"a, sinI, n",1.000,0.914,0.954,0.933,SAMME,0.2,820
1034,1035,"a, sinI, n",1.000,0.914,0.954,0.933,SAMME,0.2,840
1035,1036,"a, sinI, n",1.000,0.914,0.954,0.933,SAMME,0.2,860
1036,1037,"a, sinI, n",1.000,0.914,0.954,0.933,SAMME,0.2,880
1037,1038,"a, sinI, n",1.000,0.914,0.954,0.933,SAMME,0.2,1020
1038,1039,"a, sinI, n",1.000,0.914,0.954,0.933,SAMME,0.2,1080
1039,1040,"a, sinI, n",1.000,0.914,0.954,0.933,SAMME,0.2,1100
1040,1041,"a, sinI, n",1.000,0.914,0.954,0.933,SAMME,0.2,1120
1041,1042,"a, sinI, n",1.000,0.914,0.954,0.933,SAMME,0.2,1140
1042,1043,"a, sinI, n",1.000,0.914,0.954,0.933,SAMME,0.2,1160
1043,1044,"a, sinI, n",1.000,0.914,0.954,0.933,SAMME,0.2,1180
1044,1045,"a, sinI, n",1.000,0.914,0.954,0.933,SAMME,0.2,1200
1045,1046,"a, sinI, n",1.000,0.914,0.954,0.933,SAMME,0.2,1220
1046,1047,"a, sinI, n",1.000,0.914,0.954,0.933,SAMME,0.2,1240
1047,1048,"a, sinI, n",1.000,0.914,0.954,0.933,SAMME,0.2,1260
1048,1049,"a, sinI, n",1.000,0.914,0.954,0.933,SAMME,0.2,1300
1049,1050,"a, sinI, n",1.000,0.914,0.954,0.933,SAMME,0.2,1320
1050,1051,"a, sinI, n",1.000,0.914,0.954,0.933,SAMME,0.2,1780
1051,1052,"a, sinI, n",1.000,0.914,0.954,0.933,SAMME,0.2,1800
1052,1053,"a, sinI, n",1.000,0.914,0.954,0.933,SAMME,0.2,1820
1053,1054,"a, sinI, n",1.000,0.919,0.947,0.932,SAMME,0.2,1420
1054,1055,"a, sinI, n",1.000,0.919,0.947,0.932,SAMME,0.2,1440
1055,1056,"a, sinI, n",1.000,0.919,0.947,0.932,SAMME,0.2,1460
1056,1057,"a, sinI, n",1.000,0.913,0.947,0.929,SAMME,0.2,1400
1057,1058,"a, sinI, n",1.000,0.913,0.947,0.929,SAMME,0.2,1480
1058,1059,"a, sinI, n",1.000,0.913,0.947,0.929,SAMME,0.2,1500
1059,1060,"a, sinI, n",1.000,0.913,0.947,0.929,SAMME,0.2,1520
1060,1061,"a, sinI, n",1.000,0.913,0.947,0.929,SAMME,0.2,1540
1061,1062,"a, sinI, n",1.000,0.913,0.947,0.929,SAMME,0.2,1560
1062,1063,"a, sinI, n",1.000,0.913,0.947,0.929,SAMME,0.2,1580
1063,1064,"a, sinI, n",1.000,0.913,0.947,0.929,SAMME,0.2,1600
1064,1065,"a, sinI, n",1.000,0.913,0.947,0.929,SAMME,0.2,1640
1065,1066,"a, sinI, n",1.000,0.913,0.947,0.929,SAMME,0.2,1660
1066,1067,"a, sinI, n",1.000,0.913,0.947,0.929,SAMME,0.2,1680
1067,1068,"a, sinI, n",1.000,0.913,0.947,0.929,SAMME,0.2,1700
1068,1069,"a, sinI, n",1.000,0.913,0.947,0.929,SAMME,0.2,1720
1069,1070,"a, sinI, n",1.000,0.913,0.947,0.929,SAMME,0.2,1740
1070,1071,"a, sinI, n",1.000,0.913,0.947,0.929,SAMME,0.2,1760
1071,1072,"a, sinI, n",1.000,0.920,0.939,0.929,SAMME,0.2,1620
1072,1073,"a, sinI, n",0.997,0.000,0.000,0.000,SAMME,0.2,20
1073,1074,"a, sinI, n",0.997,0.000,0.000,0.000,SAMME,0.2,40
1074,1075,"a, sinI, n",0.997,0.000,0.000,0.000,SAMME,0.2,60
1075,1076,"a, sinI, n",0.997,0.000,0.000,0.000,SAMME,0.2,80
1076,1077,"a, sinI, n",0.997,0.000,0.000,0.000,SAMME,0.2,100
1077,1078,"e, sinI, n",nan,nan,nan,nan,SAMME,0.2,0
1078,1079,"e, sinI, n",1.000,0.915,0.977,0.945,SAMME,0.2,200
1079,1080,"e, sinI, n",1.000,0.915,0.977,0.945,SAMME,0.2,240
1080,1081,"e, sinI, n",1.000,0.915,0.977,0.945,SAMME,0.2,260
1081,1082,"e, sinI, n",1.000,0.923,0.970,0.944,SAMME,0.2,280
1082,1083,"e, sinI, n",1.000,0.917,0.970,0.941,SAMME,0.2,300
1083,1084,"e, sinI, n",1.000,0.915,0.970,0.941,SAMME,0.2,220
1084,1085,"e, sinI, n",1.000,0.916,0.962,0.937,SAMME,0.2,340
1085,1086,"e, sinI, n",1.000,0.922,0.955,0.936,SAMME,0.2,380
1086,1087,"e, sinI, n",1.000,0.901,0.970,0.934,SAMME,0.2,160
1087,1088,"e, sinI, n",1.000,0.901,0.970,0.934,SAMME,0.2,180
1088,1089,"a, sinI, n",1.000,0.914,0.954,0.933,SAMME,0.2,1860
1089,1090,"a, sinI, n",1.000,0.914,0.954,0.933,SAMME,0.2,1880
1090,1091,"a, sinI, n",1.000,0.914,0.954,0.933,SAMME,0.2,1900
1091,1092,"a, sinI, n",1.000,0.914,0.954,0.933,SAMME,0.2,1920
1092,1093,"a, sinI, n",1.000,0.914,0.954,0.933,SAMME,0.2,1940
1093,1094,"a, sinI, n",1.000,0.914,0.954,0.933,SAMME,0.2,1960
1094,1095,"a, sinI, n",1.000,0.914,0.954,0.933,SAMME,0.2,1980
1095,1096,"e, sinI, n",1.000,0.915,0.955,0.933,SAMME,0.2,320
1096,1097,"e, sinI, n",1.000,0.926,0.940,0.931,SAMME,0.2,1220
1097,1098,"e, sinI, n",1.000,0.926,0.940,0.931,SAMME,0.2,1320
1098,1099,"e, sinI, n",1.000,0.926,0.940,0.931,SAMME,0.2,1340
1099,1100,"e, sinI, n",1.000,0.926,0.940,0.931,SAMME,0.2,1360
1100,1101,"e, sinI, n",1.000,0.926,0.940,0.931,SAMME,0.2,1520
1101,1102,"e, sinI, n",1.000,0.926,0.940,0.931,SAMME,0.2,1540
1102,1103,"e, sinI, n",1.000,0.926,0.940,0.931,SAMME,0.2,1560
1103,1104,"e, sinI, n",1.000,0.926,0.940,0.931,SAMME,0.2,1580
1104,1105,"e, sinI, n",1.000,0.926,0.940,0.931,SAMME,0.2,1600
1105,1106,"e, sinI, n",1.000,0.926,0.940,0.931,SAMME,0.2,1660
1106,1107,"e, sinI, n",1.000,0.928,0.940,0.931,SAMME,0.2,500
1107,1108,"e, sinI, n",1.000,0.928,0.940,0.931,SAMME,0.2,520
1108,1109,"e, sinI, n",1.000,0.932,0.932,0.930,SAMME,0.2,880
1109,1110,"e, sinI, n",1.000,0.932,0.932,0.930,SAMME,0.2,1020
1110,1111,"e, sinI, n",1.000,0.932,0.932,0.930,SAMME,0.2,1100
1111,1112,"e, sinI, n",1.000,0.932,0.932,0.930,SAMME,0.2,1280
1112,1113,"a, sinI, n",1.000,0.913,0.947,0.929,SAMME,0.2,1840
1113,1114,"e, sinI, n",1.000,0.915,0.947,0.928,SAMME,0.2,360
1114,1115,"e, sinI, n",1.000,0.919,0.940,0.927,SAMME,0.2,1380
1115,1116,"e, sinI, n",1.000,0.919,0.940,0.927,SAMME,0.2,1400
1116,1117,"e, sinI, n",1.000,0.919,0.940,0.927,SAMME,0.2,1420
1117,1118,"e, sinI, n",1.000,0.919,0.940,0.927,SAMME,0.2,1440
1118,1119,"e, sinI, n",1.000,0.919,0.940,0.927,SAMME,0.2,1460
1119,1120,"e, sinI, n",1.000,0.919,0.940,0.927,SAMME,0.2,1480
1120,1121,"e, sinI, n",1.000,0.919,0.940,0.927,SAMME,0.2,1500
1121,1122,"e, sinI, n",1.000,0.921,0.940,0.927,SAMME,0.2,400
1122,1123,"e, sinI, n",1.000,0.921,0.940,0.927,SAMME,0.2,420
1123,1124,"e, sinI, n",1.000,0.921,0.940,0.927,SAMME,0.2,440
1124,1125,"e, sinI, n",1.000,0.921,0.940,0.927,SAMME,0.2,460
1125,1126,"e, sinI, n",1.000,0.921,0.940,0.927,SAMME,0.2,480
1126,1127,"e, sinI, n",1.000,0.889,0.970,0.927,SAMME,0.2,120
1127,1128,"e, sinI, n",1.000,0.889,0.970,0.927,SAMME,0.2,140
1128,1129,"e, sinI, n",1.000,0.925,0.932,0.927,SAMME,0.2,1620
1129,1130,"e, sinI, n",1.000,0.925,0.932,0.927,SAMME,0.2,1640
1130,1131,"e, sinI, n",1.000,0.925,0.932,0.927,SAMME,0.2,1680
1131,1132,"e, sinI, n",1.000,0.925,0.932,0.927,SAMME,0.2,1700
1132,1133,"e, sinI, n",1.000,0.925,0.932,0.927,SAMME,0.2,620
1133,1134,"e, sinI, n",1.000,0.925,0.932,0.927,SAMME,0.2,640
1134,1135,"e, sinI, n",1.000,0.925,0.932,0.927,SAMME,0.2,660
1135,1136,"e, sinI, n",1.000,0.925,0.932,0.927,SAMME,0.2,680
1136,1137,"e, sinI, n",1.000,0.925,0.932,0.927,SAMME,0.2,700
1137,1138,"e, sinI, n",1.000,0.925,0.932,0.927,SAMME,0.2,720
1138,1139,"e, sinI, n",1.000,0.925,0.932,0.927,SAMME,0.2,740
1139,1140,"e, sinI, n",1.000,0.925,0.932,0.927,SAMME,0.2,760
1140,1141,"e, sinI, n",1.000,0.925,0.932,0.927,SAMME,0.2,780
1141,1142,"e, sinI, n",1.000,0.925,0.932,0.927,SAMME,0.2,800
1142,1143,"e, sinI, n",1.000,0.925,0.932,0.927,SAMME,0.2,820
1143,1144,"e, sinI, n",1.000,0.925,0.932,0.927,SAMME,0.2,840
1144,1145,"e, sinI, n",1.000,0.925,0.932,0.927,SAMME,0.2,860
1145,1146,"e, sinI, n",1.000,0.925,0.932,0.927,SAMME,0.2,900
1146,1147,"e, sinI, n",1.000,0.925,0.932,0.927,SAMME,0.2,920
1147,1148,"e, sinI, n",1.000,0.925,0.932,0.927,SAMME,0.2,940
1148,1149,"e, sinI, n",1.000,0.925,0.932,0.927,SAMME,0.2,960
1149,1150,"e, sinI, n",1.000,0.925,0.932,0.927,SAMME,0.2,980
1150,1151,"e, sinI, n",1.000,0.925,0.932,0.927,SAMME,0.2,1000
1151,1152,"e, sinI, n",1.000,0.925,0.932,0.927,SAMME,0.2,1040
1152,1153,"e, sinI, n",1.000,0.925,0.932,0.927,SAMME,0.2,1060
1153,1154,"e, sinI, n",1.000,0.925,0.932,0.927,SAMME,0.2,1080
1154,1155,"e, sinI, n",1.000,0.925,0.932,0.927,SAMME,0.2,1120
1155,1156,"e, sinI, n",1.000,0.925,0.932,0.927,SAMME,0.2,1140
1156,1157,"e, sinI, n",1.000,0.925,0.932,0.927,SAMME,0.2,1160
1157,1158,"e, sinI, n",1.000,0.925,0.932,0.927,SAMME,0.2,1180
1158,1159,"e, sinI, n",1.000,0.925,0.932,0.927,SAMME,0.2,1200
1159,1160,"e, sinI, n",1.000,0.925,0.932,0.927,SAMME,0.2,1240
1160,1161,"e, sinI, n",1.000,0.925,0.932,0.927,SAMME,0.2,1260
1161,1162,"e, sinI, n",1.000,0.925,0.932,0.927,SAMME,0.2,1300
1162,1163,"e, sinI, n",1.000,0.927,0.932,0.927,SAMME,0.2,540
1163,1164,"e, sinI, n",1.000,0.927,0.932,0.927,SAMME,0.2,560
1164,1165,"e, sinI, n",1.000,0.927,0.932,0.927,SAMME,0.2,580
1165,1166,"e, sinI, n",1.000,0.918,0.932,0.923,SAMME,0.2,600
1166,1167,"e, sinI, n",0.997,0.000,0.000,0.000,SAMME,0.2,20
1167,1168,"e, sinI, n",0.997,0.000,0.000,0.000,SAMME,0.2,40
1168,1169,"e, sinI, n",0.997,0.000,0.000,0.000,SAMME,0.2,60
1169,1170,"e, sinI, n",0.997,0.000,0.000,0.000,SAMME,0.2,80
1170,1171,"e, sinI, n",0.997,0.000,0.000,0.000,SAMME,0.2,100
1171,1172,"a, e, sinI, n",nan,nan,nan,nan,SAMME,0.2,0
1172,1173,"a, e, sinI, n",1.000,0.949,0.963,0.954,SAMME,0.2,520
1173,1174,"a, e, sinI, n",1.000,0.949,0.963,0.954,SAMME,0.2,560
1174,1175,"a, e, sinI, n",1.000,0.949,0.963,0.954,SAMME,0.2,580
1175,1176,"a, e, sinI, n",1.000,0.929,0.977,0.952,SAMME,0.2,180
1176,1177,"a, e, sinI, n",1.000,0.929,0.977,0.952,SAMME,0.2,200
1177,1178,"a, e, sinI, n",1.000,0.929,0.977,0.952,SAMME,0.2,220
1178,1179,"a, e, sinI, n",1.000,0.929,0.977,0.952,SAMME,0.2,240
1179,1180,"a, e, sinI, n",1.000,0.929,0.977,0.952,SAMME,0.2,260
1180,1181,"a, e, sinI, n",1.000,0.936,0.970,0.951,SAMME,0.2,280
1181,1182,"a, e, sinI, n",1.000,0.936,0.970,0.951,SAMME,0.2,300
1182,1183,"a, e, sinI, n",1.000,0.943,0.963,0.951,SAMME,0.2,440
1183,1184,"a, e, sinI, n",1.000,0.943,0.963,0.951,SAMME,0.2,460
1184,1185,"a, e, sinI, n",1.000,0.943,0.963,0.951,SAMME,0.2,480
1185,1186,"a, e, sinI, n",1.000,0.943,0.963,0.951,SAMME,0.2,500
1186,1187,"a, e, sinI, n",1.000,0.943,0.963,0.951,SAMME,0.2,540
1187,1188,"a, e, sinI, n",1.000,0.943,0.963,0.951,SAMME,0.2,600
1188,1189,"a, e, sinI, n",1.000,0.943,0.963,0.951,SAMME,0.2,620
1189,1190,"a, e, sinI, n",1.000,0.949,0.955,0.950,SAMME,0.2,660
1190,1191,"a, e, sinI, n",1.000,0.949,0.955,0.950,SAMME,0.2,680
1191,1192,"a, e, sinI, n",1.000,0.936,0.963,0.947,SAMME,0.2,320
1192,1193,"a, e, sinI, n",1.000,0.936,0.963,0.947,SAMME,0.2,380
1193,1194,"a, e, sinI, n",1.000,0.936,0.963,0.947,SAMME,0.2,400
1194,1195,"a, e, sinI, n",1.000,0.936,0.963,0.947,SAMME,0.2,420
1195,1196,"a, e, sinI, n",1.000,0.943,0.955,0.946,SAMME,0.2,640
1196,1197,"a, e, sinI, n",1.000,0.943,0.955,0.946,SAMME,0.2,700
1197,1198,"a, e, sinI, n",1.000,0.943,0.955,0.946,SAMME,0.2,720
1198,1199,"a, e, sinI, n",1.000,0.943,0.955,0.946,SAMME,0.2,740
1199,1200,"a, e, sinI, n",1.000,0.915,0.977,0.945,SAMME,0.2,160
1200,1201,"a, e, sinI, n",1.000,0.936,0.955,0.943,SAMME,0.2,340
1201,1202,"a, e, sinI, n",1.000,0.936,0.955,0.943,SAMME,0.2,360
1202,1203,"a, e, sinI, n",1.000,0.942,0.948,0.942,SAMME,0.2,760
1203,1204,"a, e, sinI, n",1.000,0.942,0.948,0.942,SAMME,0.2,780
1204,1205,"a, e, sinI, n",1.000,0.934,0.948,0.939,SAMME,0.2,800
1205,1206,"a, e, sinI, n",1.000,0.934,0.948,0.939,SAMME,0.2,820
1206,1207,"a, e, sinI, n",1.000,0.934,0.948,0.939,SAMME,0.2,840
1207,1208,"a, e, sinI, n",1.000,0.934,0.948,0.939,SAMME,0.2,860
1208,1209,"a, e, sinI, n",1.000,0.934,0.948,0.939,SAMME,0.2,880
1209,1210,"a, e, sinI, n",1.000,0.934,0.948,0.939,SAMME,0.2,900
1210,1211,"a, e, sinI, n",1.000,0.934,0.948,0.939,SAMME,0.2,920
1211,1212,"a, e, sinI, n",1.000,0.934,0.948,0.939,SAMME,0.2,940
1212,1213,"a, e, sinI, n",1.000,0.934,0.948,0.939,SAMME,0.2,960
1213,1214,"a, e, sinI, n",1.000,0.934,0.948,0.939,SAMME,0.2,980
1214,1215,"a, e, sinI, n",1.000,0.934,0.948,0.939,SAMME,0.2,1000
1215,1216,"a, e, sinI, n",1.000,0.934,0.948,0.939,SAMME,0.2,1020
1216,1217,"a, e, sinI, n",1.000,0.934,0.948,0.939,SAMME,0.2,1040
1217,1218,"a, e, sinI, n",1.000,0.934,0.948,0.939,SAMME,0.2,1060
1218,1219,"a, e, sinI, n",1.000,0.934,0.948,0.939,SAMME,0.2,1080
1219,1220,"a, e, sinI, n",1.000,0.934,0.948,0.939,SAMME,0.2,1100
1220,1221,"a, e, sinI, n",1.000,0.934,0.948,0.939,SAMME,0.2,1120
1221,1222,"a, e, sinI, n",1.000,0.934,0.948,0.939,SAMME,0.2,1140
1222,1223,"a, e, sinI, n",1.000,0.934,0.948,0.939,SAMME,0.2,1160
1223,1224,"a, e, sinI, n",1.000,0.934,0.948,0.939,SAMME,0.2,1180
1224,1225,"a, e, sinI, n",1.000,0.934,0.948,0.939,SAMME,0.2,1200
1225,1226,"a, e, sinI, n",1.000,0.934,0.948,0.939,SAMME,0.2,1220
1226,1227,"a, e, sinI, n",1.000,0.934,0.948,0.939,SAMME,0.2,1240
1227,1228,"a, e, sinI, n",1.000,0.934,0.948,0.939,SAMME,0.2,1260
1228,1229,"a, e, sinI, n",1.000,0.934,0.948,0.939,SAMME,0.2,1280
1229,1230,"a, e, sinI, n",1.000,0.934,0.948,0.939,SAMME,0.2,1300
1230,1231,"a, e, sinI, n",1.000,0.934,0.948,0.939,SAMME,0.2,1320
1231,1232,"a, e, sinI, n",1.000,0.934,0.948,0.939,SAMME,0.2,1340
1232,1233,"a, e, sinI, n",1.000,0.934,0.948,0.939,SAMME,0.2,1360
1233,1234,"a, e, sinI, n",1.000,0.934,0.948,0.939,SAMME,0.2,1380
1234,1235,"a, e, sinI, n",1.000,0.934,0.948,0.939,SAMME,0.2,1400
1235,1236,"a, e, sinI, n",1.000,0.934,0.948,0.939,SAMME,0.2,1420
1236,1237,"a, e, sinI, n",1.000,0.934,0.948,0.939,SAMME,0.2,1440
1237,1238,"a, e, sinI, n",1.000,0.934,0.948,0.939,SAMME,0.2,1460
1238,1239,"a, e, sinI, n",1.000,0.934,0.948,0.939,SAMME,0.2,1480
1239,1240,"a, e, sinI, n",1.000,0.934,0.948,0.939,SAMME,0.2,1500
1240,1241,"a, e, sinI, n",1.000,0.934,0.948,0.939,SAMME,0.2,1520
1241,1242,"a, e, sinI, n",1.000,0.934,0.948,0.939,SAMME,0.2,1540
1242,1243,"a, e, sinI, n",1.000,0.934,0.948,0.939,SAMME,0.2,1560
1243,1244,"a, e, sinI, n",1.000,0.934,0.948,0.939,SAMME,0.2,1580
1244,1245,"a, e, sinI, n",1.000,0.934,0.948,0.939,SAMME,0.2,1600
1245,1246,"a, e, sinI, n",1.000,0.934,0.948,0.939,SAMME,0.2,1620
1246,1247,"a, e, sinI, n",1.000,0.934,0.948,0.939,SAMME,0.2,1640
1247,1248,"a, e, sinI, n",1.000,0.934,0.948,0.939,SAMME,0.2,1660
1248,1249,"a, e, sinI, n",1.000,0.934,0.948,0.939,SAMME,0.2,1680
1249,1250,"a, e, sinI, n",1.000,0.934,0.948,0.939,SAMME,0.2,1700
1250,1251,"a, e, sinI, n",1.000,0.934,0.948,0.939,SAMME,0.2,1720
1251,1252,"a, e, sinI, n",1.000,0.934,0.948,0.939,SAMME,0.2,1740
1252,1253,"a, e, sinI, n",1.000,0.934,0.948,0.939,SAMME,0.2,1760
1253,1254,"a, e, sinI, n",1.000,0.934,0.948,0.939,SAMME,0.2,1780
1254,1255,"a, e, sinI, n",1.000,0.934,0.948,0.939,SAMME,0.2,1800
1255,1256,"a, e, sinI, n",1.000,0.934,0.948,0.939,SAMME,0.2,1820
1256,1257,"a, e, sinI, n",1.000,0.934,0.948,0.939,SAMME,0.2,1840
1257,1258,"a, e, sinI, n",1.000,0.934,0.948,0.939,SAMME,0.2,1860
1258,1259,"a, e, sinI, n",1.000,0.934,0.948,0.939,SAMME,0.2,1880
1259,1260,"a, e, sinI, n",1.000,0.934,0.948,0.939,SAMME,0.2,1900
1260,1261,"a, e, sinI, n",1.000,0.934,0.948,0.939,SAMME,0.2,1920
1261,1262,"a, e, sinI, n",1.000,0.934,0.948,0.939,SAMME,0.2,1940
1262,1263,"a, e, sinI, n",1.000,0.934,0.948,0.939,SAMME,0.2,1960
1263,1264,"a, e, sinI, n",1.000,0.934,0.948,0.939,SAMME,0.2,1980
1264,1265,"a, e, sinI, n",1.000,0.903,0.977,0.938,SAMME,0.2,120
1265,1266,"a, e, sinI, n",1.000,0.903,0.977,0.938,SAMME,0.2,140
1266,1267,"a, e, sinI",1.000,0.916,0.962,0.937,SAMME,0.2,220
1267,1268,"e, n",1.000,0.916,0.962,0.937,SAMME,0.2,340
1268,1269,"e, n",1.000,0.922,0.955,0.936,SAMME,0.2,380
1269,1270,"sinI, n",1.000,0.932,0.939,0.935,SAMME,0.2,1700
1270,1271,"e, n",1.000,0.929,0.948,0.935,SAMME,0.2,580
1271,1272,"e, n",1.000,0.929,0.948,0.935,SAMME,0.2,600
1272,1273,"e, n",1.000,0.929,0.948,0.935,SAMME,0.2,620
1273,1274,"sinI, n",1.000,0.932,0.939,0.935,SAMME,0.2,1680
1274,1275,"e, n",1.000,0.935,0.940,0.935,SAMME,0.2,700
1275,1276,"e, n",1.000,0.935,0.940,0.935,SAMME,0.2,720
1276,1277,"e, n",1.000,0.935,0.940,0.935,SAMME,0.2,740
1277,1278,"e, n",1.000,0.935,0.940,0.935,SAMME,0.2,760
1278,1279,"e, n",1.000,0.935,0.940,0.935,SAMME,0.2,780
1279,1280,"e, n",1.000,0.935,0.940,0.935,SAMME,0.2,800
1280,1281,"e, n",1.000,0.935,0.940,0.935,SAMME,0.2,820
1281,1282,"e, n",1.000,0.935,0.940,0.935,SAMME,0.2,840
1282,1283,"e, n",1.000,0.935,0.940,0.935,SAMME,0.2,860
1283,1284,"e, n",1.000,0.935,0.940,0.935,SAMME,0.2,880
1284,1285,"e, n",1.000,0.935,0.940,0.935,SAMME,0.2,900
1285,1286,"e, n",1.000,0.935,0.940,0.935,SAMME,0.2,920
1286,1287,"e, n",1.000,0.935,0.940,0.935,SAMME,0.2,940
1287,1288,"e, n",1.000,0.935,0.940,0.935,SAMME,0.2,960
1288,1289,"e, n",1.000,0.935,0.940,0.935,SAMME,0.2,1020
1289,1290,"e, n",1.000,0.935,0.940,0.935,SAMME,0.2,1060
1290,1291,"e, n",1.000,0.935,0.940,0.935,SAMME,0.2,1080
1291,1292,"e, n",1.000,0.935,0.940,0.935,SAMME,0.2,1120
1292,1293,"e, n",1.000,0.935,0.940,0.935,SAMME,0.2,1140
1293,1294,"e, n",1.000,0.935,0.940,0.935,SAMME,0.2,1160
1294,1295,"e, n",1.000,0.935,0.940,0.935,SAMME,0.2,1180
1295,1296,"e, n",1.000,0.935,0.940,0.935,SAMME,0.2,1200
1296,1297,"e, n",1.000,0.935,0.940,0.935,SAMME,0.2,1220
1297,1298,"e, n",1.000,0.901,0.970,0.934,SAMME,0.2,160
1298,1299,"e, n",1.000,0.901,0.970,0.934,SAMME,0.2,180
1299,1300,"a, e, sinI",1.000,0.910,0.962,0.934,SAMME,0.2,200
1300,1301,"e, n",1.000,0.915,0.955,0.933,SAMME,0.2,320
1301,1302,"e, n",1.000,0.916,0.955,0.933,SAMME,0.2,360
1302,1303,"sinI, n",1.000,0.913,0.954,0.932,SAMME,0.2,380
1303,1304,"e, n",1.000,0.922,0.948,0.931,SAMME,0.2,400
1304,1305,"e, n",1.000,0.922,0.948,0.931,SAMME,0.2,420
1305,1306,"e, n",1.000,0.922,0.948,0.931,SAMME,0.2,440
1306,1307,"e, n",1.000,0.922,0.948,0.931,SAMME,0.2,460
1307,1308,"e, n",1.000,0.922,0.948,0.931,SAMME,0.2,480
1308,1309,"e, n",1.000,0.922,0.948,0.931,SAMME,0.2,500
1309,1310,"e, n",1.000,0.922,0.948,0.931,SAMME,0.2,520
1310,1311,"e, n",1.000,0.922,0.948,0.931,SAMME,0.2,540
1311,1312,"e, n",1.000,0.922,0.948,0.931,SAMME,0.2,560
1312,1313,"sinI, n",1.000,0.925,0.939,0.931,SAMME,0.2,1640
1313,1314,"sinI, n",1.000,0.925,0.939,0.931,SAMME,0.2,1660
1314,1315,"e, n",1.000,0.928,0.940,0.931,SAMME,0.2,640
1315,1316,"e, n",1.000,0.928,0.940,0.931,SAMME,0.2,660
1316,1317,"e, n",1.000,0.928,0.940,0.931,SAMME,0.2,680
1317,1318,"e, n",1.000,0.928,0.940,0.931,SAMME,0.2,980
1318,1319,"e, n",1.000,0.928,0.940,0.931,SAMME,0.2,1000
1319,1320,"e, n",1.000,0.934,0.932,0.931,SAMME,0.2,1240
1320,1321,"e, n",1.000,0.934,0.932,0.931,SAMME,0.2,1260
1321,1322,"e, n",1.000,0.934,0.932,0.931,SAMME,0.2,1280
1322,1323,"e, n",1.000,0.934,0.932,0.931,SAMME,0.2,1300
1323,1324,"e, n",1.000,0.934,0.932,0.931,SAMME,0.2,1320
1324,1325,"e, n",1.000,0.934,0.932,0.931,SAMME,0.2,1340
1325,1326,"e, n",1.000,0.934,0.932,0.931,SAMME,0.2,1360
1326,1327,"sinI, n",nan,nan,nan,nan,SAMME,0.2,0
1327,1328,"sinI, n",1.000,0.915,0.970,0.941,SAMME,0.2,200
1328,1329,"sinI, n",1.000,0.915,0.970,0.941,SAMME,0.2,220
1329,1330,"sinI, n",1.000,0.915,0.970,0.941,SAMME,0.2,240
1330,1331,"sinI, n",1.000,0.915,0.970,0.941,SAMME,0.2,260
1331,1332,"sinI, n",1.000,0.915,0.970,0.941,SAMME,0.2,280
1332,1333,"sinI, n",1.000,0.915,0.970,0.941,SAMME,0.2,300
1333,1334,"e, n",1.000,0.935,0.940,0.935,SAMME,0.2,1460
1334,1335,"e, n",1.000,0.935,0.940,0.935,SAMME,0.2,1480
1335,1336,"e, n",1.000,0.935,0.940,0.935,SAMME,0.2,1500
1336,1337,"e, n",1.000,0.935,0.940,0.935,SAMME,0.2,1520
1337,1338,"e, n",1.000,0.935,0.940,0.935,SAMME,0.2,1540
1338,1339,"e, n",1.000,0.935,0.940,0.935,SAMME,0.2,1560
1339,1340,"e, n",1.000,0.935,0.940,0.935,SAMME,0.2,1580
1340,1341,"e, n",1.000,0.935,0.940,0.935,SAMME,0.2,1600
1341,1342,"e, n",1.000,0.935,0.940,0.935,SAMME,0.2,1620
1342,1343,"e, n",1.000,0.935,0.940,0.935,SAMME,0.2,1640
1343,1344,"e, n",1.000,0.935,0.940,0.935,SAMME,0.2,1660
1344,1345,"e, n",1.000,0.935,0.940,0.935,SAMME,0.2,1680
1345,1346,"e, n",1.000,0.935,0.940,0.935,SAMME,0.2,1700
1346,1347,"e, n",1.000,0.935,0.940,0.935,SAMME,0.2,1720
1347,1348,"e, n",1.000,0.935,0.940,0.935,SAMME,0.2,1740
1348,1349,"e, n",1.000,0.935,0.940,0.935,SAMME,0.2,1760
1349,1350,"e, n",1.000,0.935,0.940,0.935,SAMME,0.2,1780
1350,1351,"e, n",1.000,0.935,0.940,0.935,SAMME,0.2,1800
1351,1352,"e, n",1.000,0.935,0.940,0.935,SAMME,0.2,1820
1352,1353,"e, n",1.000,0.935,0.940,0.935,SAMME,0.2,1840
1353,1354,"e, n",1.000,0.935,0.940,0.935,SAMME,0.2,1860
1354,1355,"e, n",1.000,0.935,0.940,0.935,SAMME,0.2,1880
1355,1356,"e, n",1.000,0.935,0.940,0.935,SAMME,0.2,1900
1356,1357,"e, n",1.000,0.935,0.940,0.935,SAMME,0.2,1920
1357,1358,"e, n",1.000,0.935,0.940,0.935,SAMME,0.2,1940
1358,1359,"e, n",1.000,0.935,0.940,0.935,SAMME,0.2,1960
1359,1360,"e, n",1.000,0.935,0.940,0.935,SAMME,0.2,1980
1360,1361,"sinI, n",1.000,0.901,0.970,0.934,SAMME,0.2,160
1361,1362,"sinI, n",1.000,0.901,0.970,0.934,SAMME,0.2,180
1362,1363,"e, n",1.000,0.934,0.932,0.931,SAMME,0.2,1380
1363,1364,"e, n",1.000,0.934,0.932,0.931,SAMME,0.2,1400
1364,1365,"e, n",1.000,0.934,0.932,0.931,SAMME,0.2,1420
1365,1366,"e, n",1.000,0.934,0.932,0.931,SAMME,0.2,1440
1366,1367,"sinI, n",1.000,0.906,0.954,0.929,SAMME,0.2,400
1367,1368,"sinI, n",1.000,0.906,0.954,0.929,SAMME,0.2,420
1368,1369,"sinI, n",1.000,0.906,0.954,0.929,SAMME,0.2,440
1369,1370,"sinI, n",1.000,0.906,0.954,0.929,SAMME,0.2,460
1370,1371,"sinI, n",1.000,0.906,0.954,0.929,SAMME,0.2,480
1371,1372,"sinI, n",1.000,0.906,0.954,0.929,SAMME,0.2,500
1372,1373,"sinI, n",1.000,0.906,0.954,0.929,SAMME,0.2,520
1373,1374,"sinI, n",1.000,0.906,0.954,0.929,SAMME,0.2,540
1374,1375,"sinI, n",1.000,0.906,0.954,0.929,SAMME,0.2,560
1375,1376,"sinI, n",1.000,0.906,0.954,0.929,SAMME,0.2,580
1376,1377,"sinI, n",1.000,0.906,0.954,0.929,SAMME,0.2,600
1377,1378,"sinI, n",1.000,0.906,0.954,0.929,SAMME,0.2,620
1378,1379,"sinI, n",1.000,0.906,0.954,0.929,SAMME,0.2,640
1379,1380,"sinI, n",1.000,0.906,0.954,0.929,SAMME,0.2,660
1380,1381,"sinI, n",1.000,0.906,0.954,0.929,SAMME,0.2,680
1381,1382,"sinI, n",1.000,0.906,0.954,0.929,SAMME,0.2,700
1382,1383,"sinI, n",1.000,0.906,0.954,0.929,SAMME,0.2,720
1383,1384,"sinI, n",1.000,0.906,0.954,0.929,SAMME,0.2,740
1384,1385,"sinI, n",1.000,0.906,0.954,0.929,SAMME,0.2,760
1385,1386,"sinI, n",1.000,0.906,0.954,0.929,SAMME,0.2,780
1386,1387,"sinI, n",1.000,0.906,0.954,0.929,SAMME,0.2,800
1387,1388,"sinI, n",1.000,0.906,0.954,0.929,SAMME,0.2,820
1388,1389,"sinI, n",1.000,0.912,0.947,0.928,SAMME,0.2,900
1389,1390,"sinI, n",1.000,0.912,0.947,0.928,SAMME,0.2,920
1390,1391,"sinI, n",1.000,0.912,0.947,0.928,SAMME,0.2,940
1391,1392,"sinI, n",1.000,0.912,0.947,0.928,SAMME,0.2,960
1392,1393,"sinI, n",1.000,0.918,0.939,0.928,SAMME,0.2,1240
1393,1394,"sinI, n",1.000,0.918,0.939,0.928,SAMME,0.2,1260
1394,1395,"sinI, n",1.000,0.918,0.939,0.928,SAMME,0.2,1280
1395,1396,"sinI, n",1.000,0.918,0.939,0.928,SAMME,0.2,1300
1396,1397,"sinI, n",1.000,0.918,0.939,0.928,SAMME,0.2,1320
1397,1398,"sinI, n",1.000,0.918,0.939,0.928,SAMME,0.2,1340
1398,1399,"sinI, n",1.000,0.918,0.939,0.928,SAMME,0.2,1360
1399,1400,"sinI, n",1.000,0.918,0.939,0.928,SAMME,0.2,1380
1400,1401,"sinI, n",1.000,0.918,0.939,0.928,SAMME,0.2,1400
1401,1402,"sinI, n",1.000,0.918,0.939,0.928,SAMME,0.2,1420
1402,1403,"sinI, n",1.000,0.918,0.939,0.928,SAMME,0.2,1440
1403,1404,"sinI, n",1.000,0.918,0.939,0.928,SAMME,0.2,1480
1404,1405,"sinI, n",1.000,0.918,0.939,0.928,SAMME,0.2,1500
1405,1406,"sinI, n",1.000,0.918,0.939,0.928,SAMME,0.2,1520
1406,1407,"sinI, n",1.000,0.918,0.939,0.928,SAMME,0.2,1540
1407,1408,"sinI, n",1.000,0.918,0.939,0.928,SAMME,0.2,1560
1408,1409,"sinI, n",1.000,0.918,0.939,0.928,SAMME,0.2,1580
1409,1410,"a, e, sinI",nan,nan,nan,nan,SAMME,0.2,0
1410,1411,"a, e, sinI",1.000,0.897,0.970,0.931,SAMME,0.2,160
1411,1412,"a, e, sinI",1.000,0.897,0.970,0.931,SAMME,0.2,180
1412,1413,"sinI, n",1.000,0.918,0.939,0.928,SAMME,0.2,1460
1413,1414,"sinI, n",1.000,0.918,0.939,0.928,SAMME,0.2,1600
1414,1415,"sinI, n",1.000,0.918,0.939,0.928,SAMME,0.2,1620
1415,1416,"a, e, sinI",1.000,0.891,0.970,0.927,SAMME,0.2,120
1416,1417,"a, e, sinI",1.000,0.891,0.970,0.927,SAMME,0.2,140
1417,1418,"e, n",1.000,0.889,0.970,0.927,SAMME,0.2,120
1418,1419,"e, n",1.000,0.889,0.970,0.927,SAMME,0.2,140
1419,1420,"sinI, n",1.000,0.889,0.970,0.927,SAMME,0.2,120
1420,1421,"sinI, n",1.000,0.889,0.970,0.927,SAMME,0.2,140
1421,1422,"e, sinI, n",1.000,0.925,0.932,0.927,SAMME,0.2,1720
1422,1423,"e, sinI, n",1.000,0.925,0.932,0.927,SAMME,0.2,1740
1423,1424,"e, sinI, n",1.000,0.925,0.932,0.927,SAMME,0.2,1760
1424,1425,"e, sinI, n",1.000,0.925,0.932,0.927,SAMME,0.2,1780
1425,1426,"e, sinI, n",1.000,0.925,0.932,0.927,SAMME,0.2,1800
1426,1427,"e, sinI, n",1.000,0.925,0.932,0.927,SAMME,0.2,1820
1427,1428,"e, sinI, n",1.000,0.925,0.932,0.927,SAMME,0.2,1840
1428,1429,"e, sinI, n",1.000,0.925,0.932,0.927,SAMME,0.2,1860
1429,1430,"e, sinI, n",1.000,0.925,0.932,0.927,SAMME,0.2,1880
1430,1431,"e, sinI, n",1.000,0.925,0.932,0.927,SAMME,0.2,1900
1431,1432,"e, sinI, n",1.000,0.925,0.932,0.927,SAMME,0.2,1920
1432,1433,"e, sinI, n",1.000,0.925,0.932,0.927,SAMME,0.2,1940
1433,1434,"e, sinI, n",1.000,0.925,0.932,0.927,SAMME,0.2,1960
1434,1435,"e, sinI, n",1.000,0.925,0.932,0.927,SAMME,0.2,1980
1435,1436,"sinI, n",1.000,0.906,0.947,0.925,SAMME,0.2,980
1436,1437,"sinI, n",1.000,0.906,0.947,0.925,SAMME,0.2,1000
1437,1438,"sinI, n",1.000,0.906,0.947,0.925,SAMME,0.2,840
1438,1439,"sinI, n",1.000,0.906,0.947,0.925,SAMME,0.2,860
1439,1440,"sinI, n",1.000,0.906,0.947,0.925,SAMME,0.2,880
1440,1441,"sinI, n",1.000,0.912,0.939,0.925,SAMME,0.2,1020
1441,1442,"sinI, n",1.000,0.912,0.939,0.925,SAMME,0.2,1040
1442,1443,"sinI, n",1.000,0.912,0.939,0.925,SAMME,0.2,1060
1443,1444,"sinI, n",1.000,0.912,0.939,0.925,SAMME,0.2,1080
1444,1445,"sinI, n",1.000,0.912,0.939,0.925,SAMME,0.2,1100
1445,1446,"sinI, n",1.000,0.912,0.939,0.925,SAMME,0.2,1120
1446,1447,"sinI, n",1.000,0.912,0.939,0.925,SAMME,0.2,1140
1447,1448,"sinI, n",1.000,0.912,0.939,0.925,SAMME,0.2,1160
1448,1449,"sinI, n",1.000,0.912,0.939,0.925,SAMME,0.2,1180
1449,1450,"sinI, n",1.000,0.912,0.939,0.925,SAMME,0.2,1200
1450,1451,"sinI, n",1.000,0.912,0.939,0.925,SAMME,0.2,1220
1451,1452,"e, sinI",0.997,0.000,0.000,0.000,SAMME,0.2,1500
1452,1453,"e, sinI",0.997,0.000,0.000,0.000,SAMME,0.2,1520
1453,1454,"e, sinI",0.997,0.000,0.000,0.000,SAMME,0.2,1540
1454,1455,"e, sinI",0.997,0.000,0.000,0.000,SAMME,0.2,1560
1455,1456,"e, sinI",0.997,0.000,0.000,0.000,SAMME,0.2,1580
1456,1457,"e, sinI",0.997,0.000,0.000,0.000,SAMME,0.2,1600
1457,1458,"e, sinI",0.997,0.000,0.000,0.000,SAMME,0.2,1620
1458,1459,"e, sinI",0.997,0.000,0.000,0.000,SAMME,0.2,1640
1459,1460,"e, sinI",0.997,0.000,0.000,0.000,SAMME,0.2,1660
1460,1461,"e, sinI",0.997,0.000,0.000,0.000,SAMME,0.2,1680
1461,1462,"e, sinI",0.997,0.000,0.000,0.000,SAMME,0.2,1700
1462,1463,"e, sinI",0.997,0.000,0.000,0.000,SAMME,0.2,1720
1463,1464,"e, sinI",0.997,0.000,0.000,0.000,SAMME,0.2,1740
1464,1465,"e, sinI",0.997,0.000,0.000,0.000,SAMME,0.2,1760
1465,1466,"e, sinI",0.997,0.000,0.000,0.000,SAMME,0.2,1780
1466,1467,"e, sinI",0.997,0.000,0.000,0.000,SAMME,0.2,1800
1467,1468,"e, sinI",0.997,0.000,0.000,0.000,SAMME,0.2,1820
1468,1469,"e, sinI",0.997,0.000,0.000,0.000,SAMME,0.2,1840
1469,1470,"e, sinI",0.997,0.000,0.000,0.000,SAMME,0.2,1860
1470,1471,"e, sinI",0.997,0.000,0.000,0.000,SAMME,0.2,1880
1471,1472,"e, sinI",0.997,0.000,0.000,0.000,SAMME,0.2,1900
1472,1473,"e, sinI",0.997,0.000,0.000,0.000,SAMME,0.2,1920
1473,1474,"e, sinI",0.997,0.000,0.000,0.000,SAMME,0.2,1940
1474,1475,"e, sinI",0.997,0.000,0.000,0.000,SAMME,0.2,1960
1475,1476,"e, sinI",0.997,0.000,0.000,0.000,SAMME,0.2,1980
1476,1477,"e, n",0.997,0.000,0.000,0.000,SAMME,0.2,20
1477,1478,"e, n",0.997,0.000,0.000,0.000,SAMME,0.2,40
1478,1479,"e, n",0.997,0.000,0.000,0.000,SAMME,0.2,60
1479,1480,"e, n",0.997,0.000,0.000,0.000,SAMME,0.2,80
1480,1481,"e, n",0.997,0.000,0.000,0.000,SAMME,0.2,100
1481,1482,"sinI, n",0.997,0.000,0.000,0.000,SAMME,0.2,20
1482,1483,"sinI, n",0.997,0.000,0.000,0.000,SAMME,0.2,40
1483,1484,"sinI, n",0.997,0.000,0.000,0.000,SAMME,0.2,60
1484,1485,"sinI, n",0.997,0.000,0.000,0.000,SAMME,0.2,80
1485,1486,"sinI, n",0.997,0.000,0.000,0.000,SAMME,0.2,100
1486,1487,"a, e, sinI",0.997,0.000,0.000,0.000,SAMME,0.2,20
1487,1488,"a, e, sinI",0.997,0.000,0.000,0.000,SAMME,0.2,40
1488,1489,"a, e, sinI",0.997,0.000,0.000,0.000,SAMME,0.2,60
1489,1490,"a, e, sinI",0.997,0.000,0.000,0.000,SAMME,0.2,80
1490,1491,"a, e, sinI",0.997,0.000,0.000,0.000,SAMME,0.2,100
1491,1492,"a, e, n",nan,nan,nan,nan,SAMME,0.2,0
1492,1493,"a, e, n",0.997,0.000,0.000,0.000,SAMME,0.2,20
1493,1494,"a, e, n",0.997,0.000,0.000,0.000,SAMME,0.2,40
1494,1495,"a, e, n",0.997,0.000,0.000,0.000,SAMME,0.2,60
1495,1496,"a, e, sinI, n",0.997,0.000,0.000,0.000,SAMME,0.2,20
1496,1497,"a, e, sinI, n",0.997,0.000,0.000,0.000,SAMME,0.2,40
1497,1498,"a, e, sinI, n",0.997,0.000,0.000,0.000,SAMME,0.2,60
1498,1499,"a, e, sinI, n",0.997,0.000,0.000,0.000,SAMME,0.2,80
1499,1500,"a, e, sinI, n",0.997,0.000,0.000,0.000,SAMME,0.2,100
